<?xml version="1.0" encoding="UTF-8"?>
  <QuestionForm xmlns="http://mechanicalturk.amazonaws.com/AWSMechanicalTurkDataSchemas/2005-10-01/QuestionForm.xsd
">
    <Overview>
      <Title>Bibliographic Labeling</Title>
      <Text>In referencing published academic papers, a shortened citation containing the pertinent information is normally used.  The fields that are traditionally given are:</Text>
      <List>
        <ListItem>Title - The title of the paper.</ListItem>
        <ListItem>Author - The author of the paper.</ListItem>

        <ListItem>Conference - Organization where the paper was presented.  Usually, but not always, listed as an acronym.</ListItem>
        <ListItem>Proceedings - Title of the published conference document.  Usually contains the conference acronym and date of the conference.</ListItem>
        <ListItem>Series - Higher level general topic of which the proceedings is a part.</ListItem>
		   <ListItem>Publisher - Company publishing the proceedings.</ListItem>
		   <ListItem>ISBN - String of 10 or 13 digits uniquely identifying the book the paper was published in.</ListItem>
        <ListItem>Year - Year the paper was published.</ListItem>
		 </List>
		 <Text>A tagged example is given below with different colors representing different labels for each piece of information.</Text>
      <FormattedContent>
        <![CDATA[
      <br></br>
        <p><font color="red">Generating Robust Partial Order Schedules.</font><font color="blue"> Amedeo Cesta, Angelo Oddi, Stephen F. Smith, Nicola Policella</font><font color="green"> CP </font><font color="chocolate">3-540-23241-9 </font><font color="fuchsia">Springer </font><font color="mediumpurple">Lecture Notes in Computer Science Principles and Practice of Constraint Programming </font><font color="yellowgreen">- CP 2004, 10th International Conference, CP 2004, Toronto, Canada, September 27 - October 1, 2004, Proceedings </font><font color="teal">2004</font></p>        <br></br>
        <p>Key:</p>        <p><font color="red">Title</font></p>        <p><font color="blue">Author</font></p>        <p><font color="green">Conference</font></p>        <p><font color="chocolate">ISBN</font></p>        <p><font color="fuchsia">Publisher</font></p>        <p><font color="mediumpurple">Series</font></p>        <p><font color="yellowgreen">Proceedings</font></p>        <p><font color="teal">Year</font></p>        <br></br>
        <p>Please look at the bibliographic sequences below and select the appropriate label for the <b>bolded</b> token. Note: If more than one word is bolded, select the label corresponding to the FIRST one in the sequence.</p>]]>
      </FormattedContent>
    </Overview>
    <Question>
    <QuestionIdentifier>1</QuestionIdentifier>
    <QuestionContent>
        <FormattedContent>
          <![CDATA[
          <br></br>
          <p><font size="2"> A Spatiotemporal Data Management Method Using Inverse Differential Script. Kyungwol Kim, Yutaka Ohsawa ER Workshops 3-540-65690-1 Springer Lecture Notes in Computer Science Advances in Database Technologies, ER _98 Workshops on Data Warehousing and Data Mining, Mobile Data Access, and Collaborative Work Support and Spatio-<b>Temporal</b> <b> </b> Data Management, Singapore, November 19-20, 1998, Proceedings 1999</font></p>
          <br></br>]]>
        </FormattedContent>
      </QuestionContent>
      <AnswerSpecification>
        <SelectionAnswer>
          <StyleSuggestion>radiobutton</StyleSuggestion>
          <Selections>
            <Selection>
              <SelectionIdentifier>author</SelectionIdentifier>
              <Text>Author</Text>
            </Selection>
            <Selection>
              <SelectionIdentifier>title</SelectionIdentifier>
              <Text>Title</Text>
            </Selection>
            <Selection>
              <SelectionIdentifier>conference</SelectionIdentifier>
              <Text>Conference</Text>
            </Selection>
            <Selection>
              <SelectionIdentifier>proceedings</SelectionIdentifier>
              <Text>Proceedings</Text>
            </Selection>
            <Selection>
              <SelectionIdentifier>series</SelectionIdentifier>
              <Text>Series</Text>
            </Selection>
            <Selection>
              <SelectionIdentifier>publisher</SelectionIdentifier>
              <Text>Publisher</Text>
            </Selection>
            <Selection>
              <SelectionIdentifier>isbn</SelectionIdentifier>
              <Text>ISBN</Text>
            </Selection>
            <Selection>
              <SelectionIdentifier>year</SelectionIdentifier>
              <Text>Year</Text>
            </Selection>
          </Selections>
        </SelectionAnswer>
      </AnswerSpecification>
    </Question>
    <Question>
    <QuestionIdentifier>1</QuestionIdentifier>
    <QuestionContent>
        <FormattedContent>
          <![CDATA[
          <br></br>
          <p><font size="2"> Deriving Global Conceptual Views from Multiple Information Sources. Silvana Castano, Valeria De Antonellis Conceptual Modeling 3-540-65926-9 Springer Lecture Notes in Computer Science Conceptual Modeling, Current Issues and Future Directions, <b>Selected</b> <b> </b> Papers from the Symposium on Conceptual Modeling, Los Angeles, California, USA, held before ER_97 1999</font></p>
          <br></br>]]>
        </FormattedContent>
      </QuestionContent>
      <AnswerSpecification>
        <SelectionAnswer>
          <StyleSuggestion>radiobutton</StyleSuggestion>
          <Selections>
            <Selection>
              <SelectionIdentifier>author</SelectionIdentifier>
              <Text>Author</Text>
            </Selection>
            <Selection>
              <SelectionIdentifier>title</SelectionIdentifier>
              <Text>Title</Text>
            </Selection>
            <Selection>
              <SelectionIdentifier>conference</SelectionIdentifier>
              <Text>Conference</Text>
            </Selection>
            <Selection>
              <SelectionIdentifier>proceedings</SelectionIdentifier>
              <Text>Proceedings</Text>
            </Selection>
            <Selection>
              <SelectionIdentifier>series</SelectionIdentifier>
              <Text>Series</Text>
            </Selection>
            <Selection>
              <SelectionIdentifier>publisher</SelectionIdentifier>
              <Text>Publisher</Text>
            </Selection>
            <Selection>
              <SelectionIdentifier>isbn</SelectionIdentifier>
              <Text>ISBN</Text>
            </Selection>
            <Selection>
              <SelectionIdentifier>year</SelectionIdentifier>
              <Text>Year</Text>
            </Selection>
          </Selections>
        </SelectionAnswer>
      </AnswerSpecification>
    </Question>
    <Question>
    <QuestionIdentifier>1</QuestionIdentifier>
    <QuestionContent>
        <FormattedContent>
          <![CDATA[
          <br></br>
          <p><font size="2"> Supporting Collaborative Work by Process-Based Transaction Model. Haiyan Xu, Yihua Shi, Tetsuya Furukawa ER Workshops 3-540-65690-1 Springer Lecture Notes in Computer Science Advances in Database Technologies, ER _98 Workshops on Data Warehousing and Data Mining, Mobile Data Access, and Collaborative Work Support and Spatio-<b>Temporal</b> <b> </b> Data Management, Singapore, November 19-20, 1998, Proceedings 1999</font></p>
          <br></br>]]>
        </FormattedContent>
      </QuestionContent>
      <AnswerSpecification>
        <SelectionAnswer>
          <StyleSuggestion>radiobutton</StyleSuggestion>
          <Selections>
            <Selection>
              <SelectionIdentifier>author</SelectionIdentifier>
              <Text>Author</Text>
            </Selection>
            <Selection>
              <SelectionIdentifier>title</SelectionIdentifier>
              <Text>Title</Text>
            </Selection>
            <Selection>
              <SelectionIdentifier>conference</SelectionIdentifier>
              <Text>Conference</Text>
            </Selection>
            <Selection>
              <SelectionIdentifier>proceedings</SelectionIdentifier>
              <Text>Proceedings</Text>
            </Selection>
            <Selection>
              <SelectionIdentifier>series</SelectionIdentifier>
              <Text>Series</Text>
            </Selection>
            <Selection>
              <SelectionIdentifier>publisher</SelectionIdentifier>
              <Text>Publisher</Text>
            </Selection>
            <Selection>
              <SelectionIdentifier>isbn</SelectionIdentifier>
              <Text>ISBN</Text>
            </Selection>
            <Selection>
              <SelectionIdentifier>year</SelectionIdentifier>
              <Text>Year</Text>
            </Selection>
          </Selections>
        </SelectionAnswer>
      </AnswerSpecification>
    </Question>
    <Question>
    <QuestionIdentifier>1</QuestionIdentifier>
    <QuestionContent>
        <FormattedContent>
          <![CDATA[
          <br></br>
          <p><font size="2"> Recent Advances and Research Problems in Data Warehousing. Mukesh K. Mohania, Sunil Samtani, Yahiko Kambayashi, Vijay Kumar ER Workshops 3-540-65690-1 Springer Lecture Notes in Computer Science Advances in Database Technologies, ER _98 Workshops on Data Warehousing and Data Mining, Mobile Data Access, and Collaborative Work Support and Spatio-<b>Temporal</b> <b> </b> Data Management, Singapore, November 19-20, 1998, Proceedings 1999</font></p>
          <br></br>]]>
        </FormattedContent>
      </QuestionContent>
      <AnswerSpecification>
        <SelectionAnswer>
          <StyleSuggestion>radiobutton</StyleSuggestion>
          <Selections>
            <Selection>
              <SelectionIdentifier>author</SelectionIdentifier>
              <Text>Author</Text>
            </Selection>
            <Selection>
              <SelectionIdentifier>title</SelectionIdentifier>
              <Text>Title</Text>
            </Selection>
            <Selection>
              <SelectionIdentifier>conference</SelectionIdentifier>
              <Text>Conference</Text>
            </Selection>
            <Selection>
              <SelectionIdentifier>proceedings</SelectionIdentifier>
              <Text>Proceedings</Text>
            </Selection>
            <Selection>
              <SelectionIdentifier>series</SelectionIdentifier>
              <Text>Series</Text>
            </Selection>
            <Selection>
              <SelectionIdentifier>publisher</SelectionIdentifier>
              <Text>Publisher</Text>
            </Selection>
            <Selection>
              <SelectionIdentifier>isbn</SelectionIdentifier>
              <Text>ISBN</Text>
            </Selection>
            <Selection>
              <SelectionIdentifier>year</SelectionIdentifier>
              <Text>Year</Text>
            </Selection>
          </Selections>
        </SelectionAnswer>
      </AnswerSpecification>
    </Question>
    <Question>
    <QuestionIdentifier>1</QuestionIdentifier>
    <QuestionContent>
        <FormattedContent>
          <![CDATA[
          <br></br>
          <p><font size="2"> Are Global Understanding, Communication, and Information Management in Information Systems Possible? <b>Hannu</b> <b> </b> Kangassalo Conceptual Modeling 3-540-65926-9 Springer Lecture Notes in Computer Science Conceptual Modeling, Current Issues and Future Directions, Selected Papers from the Symposium on Conceptual Modeling, Los Angeles, California, USA, held before ER_97 1999</font></p>
          <br></br>]]>
        </FormattedContent>
      </QuestionContent>
      <AnswerSpecification>
        <SelectionAnswer>
          <StyleSuggestion>radiobutton</StyleSuggestion>
          <Selections>
            <Selection>
              <SelectionIdentifier>author</SelectionIdentifier>
              <Text>Author</Text>
            </Selection>
            <Selection>
              <SelectionIdentifier>title</SelectionIdentifier>
              <Text>Title</Text>
            </Selection>
            <Selection>
              <SelectionIdentifier>conference</SelectionIdentifier>
              <Text>Conference</Text>
            </Selection>
            <Selection>
              <SelectionIdentifier>proceedings</SelectionIdentifier>
              <Text>Proceedings</Text>
            </Selection>
            <Selection>
              <SelectionIdentifier>series</SelectionIdentifier>
              <Text>Series</Text>
            </Selection>
            <Selection>
              <SelectionIdentifier>publisher</SelectionIdentifier>
              <Text>Publisher</Text>
            </Selection>
            <Selection>
              <SelectionIdentifier>isbn</SelectionIdentifier>
              <Text>ISBN</Text>
            </Selection>
            <Selection>
              <SelectionIdentifier>year</SelectionIdentifier>
              <Text>Year</Text>
            </Selection>
          </Selections>
        </SelectionAnswer>
      </AnswerSpecification>
    </Question>
    <Question>
    <QuestionIdentifier>1</QuestionIdentifier>
    <QuestionContent>
        <FormattedContent>
          <![CDATA[
          <br></br>
          <p><font size="2"> A Summary of the ER_97 Workshop on Behavioral modeling. Scott N. Woodfield, Stephen W. Liddle, Stephen W. Clyde Conceptual Modeling 3-540-65926-9 Springer Lecture Notes in Computer Science Conceptual Modeling, Current Issues and Future Directions, <b>Selected</b> <b> </b> Papers from the Symposium on Conceptual Modeling, Los Angeles, California, USA, held before ER_97 1999</font></p>
          <br></br>]]>
        </FormattedContent>
      </QuestionContent>
      <AnswerSpecification>
        <SelectionAnswer>
          <StyleSuggestion>radiobutton</StyleSuggestion>
          <Selections>
            <Selection>
              <SelectionIdentifier>author</SelectionIdentifier>
              <Text>Author</Text>
            </Selection>
            <Selection>
              <SelectionIdentifier>title</SelectionIdentifier>
              <Text>Title</Text>
            </Selection>
            <Selection>
              <SelectionIdentifier>conference</SelectionIdentifier>
              <Text>Conference</Text>
            </Selection>
            <Selection>
              <SelectionIdentifier>proceedings</SelectionIdentifier>
              <Text>Proceedings</Text>
            </Selection>
            <Selection>
              <SelectionIdentifier>series</SelectionIdentifier>
              <Text>Series</Text>
            </Selection>
            <Selection>
              <SelectionIdentifier>publisher</SelectionIdentifier>
              <Text>Publisher</Text>
            </Selection>
            <Selection>
              <SelectionIdentifier>isbn</SelectionIdentifier>
              <Text>ISBN</Text>
            </Selection>
            <Selection>
              <SelectionIdentifier>year</SelectionIdentifier>
              <Text>Year</Text>
            </Selection>
          </Selections>
        </SelectionAnswer>
      </AnswerSpecification>
    </Question>
    <Question>
    <QuestionIdentifier>1</QuestionIdentifier>
    <QuestionContent>
        <FormattedContent>
          <![CDATA[
          <br></br>
          <p><font size="2"> Extending the E/R Model for the Multidimensional Paradigm. Gabriele Hofling, Markus Blaschka, Carsten Sapia, Barbara Dinter ER Workshops 3-540-65690-1 Springer Lecture Notes in Computer Science Advances in Database Technologies, ER _98 Workshops on Data Warehousing and Data Mining, Mobile Data Access, and Collaborative Work Support and Spatio-<b>Temporal</b> <b> </b> Data Management, Singapore, November 19-20, 1998, Proceedings 1999</font></p>
          <br></br>]]>
        </FormattedContent>
      </QuestionContent>
      <AnswerSpecification>
        <SelectionAnswer>
          <StyleSuggestion>radiobutton</StyleSuggestion>
          <Selections>
            <Selection>
              <SelectionIdentifier>author</SelectionIdentifier>
              <Text>Author</Text>
            </Selection>
            <Selection>
              <SelectionIdentifier>title</SelectionIdentifier>
              <Text>Title</Text>
            </Selection>
            <Selection>
              <SelectionIdentifier>conference</SelectionIdentifier>
              <Text>Conference</Text>
            </Selection>
            <Selection>
              <SelectionIdentifier>proceedings</SelectionIdentifier>
              <Text>Proceedings</Text>
            </Selection>
            <Selection>
              <SelectionIdentifier>series</SelectionIdentifier>
              <Text>Series</Text>
            </Selection>
            <Selection>
              <SelectionIdentifier>publisher</SelectionIdentifier>
              <Text>Publisher</Text>
            </Selection>
            <Selection>
              <SelectionIdentifier>isbn</SelectionIdentifier>
              <Text>ISBN</Text>
            </Selection>
            <Selection>
              <SelectionIdentifier>year</SelectionIdentifier>
              <Text>Year</Text>
            </Selection>
          </Selections>
        </SelectionAnswer>
      </AnswerSpecification>
    </Question>
    <Question>
    <QuestionIdentifier>1</QuestionIdentifier>
    <QuestionContent>
        <FormattedContent>
          <![CDATA[
          <br></br>
          <p><font size="2"> Timestamps to Detect R-W Conflicts in Mobile Computing. Sanjay Kumar Madria ER Workshops 3-540-65690-1 Springer Lecture Notes in Computer Science Advances in Database Technologies, ER _98 Workshops on Data Warehousing and Data Mining, Mobile Data Access, and Collaborative Work Support and Spatio-<b>Temporal</b> <b> </b> Data Management, Singapore, November 19-20, 1998, Proceedings 1999</font></p>
          <br></br>]]>
        </FormattedContent>
      </QuestionContent>
      <AnswerSpecification>
        <SelectionAnswer>
          <StyleSuggestion>radiobutton</StyleSuggestion>
          <Selections>
            <Selection>
              <SelectionIdentifier>author</SelectionIdentifier>
              <Text>Author</Text>
            </Selection>
            <Selection>
              <SelectionIdentifier>title</SelectionIdentifier>
              <Text>Title</Text>
            </Selection>
            <Selection>
              <SelectionIdentifier>conference</SelectionIdentifier>
              <Text>Conference</Text>
            </Selection>
            <Selection>
              <SelectionIdentifier>proceedings</SelectionIdentifier>
              <Text>Proceedings</Text>
            </Selection>
            <Selection>
              <SelectionIdentifier>series</SelectionIdentifier>
              <Text>Series</Text>
            </Selection>
            <Selection>
              <SelectionIdentifier>publisher</SelectionIdentifier>
              <Text>Publisher</Text>
            </Selection>
            <Selection>
              <SelectionIdentifier>isbn</SelectionIdentifier>
              <Text>ISBN</Text>
            </Selection>
            <Selection>
              <SelectionIdentifier>year</SelectionIdentifier>
              <Text>Year</Text>
            </Selection>
          </Selections>
        </SelectionAnswer>
      </AnswerSpecification>
    </Question>
    <Question>
    <QuestionIdentifier>1</QuestionIdentifier>
    <QuestionContent>
        <FormattedContent>
          <![CDATA[
          <br></br>
          <p><font size="2"> AOSE and Organic Computing - How Can They Benefit from <b>Each</b> <b> </b> Other? Position Paper. Holger Kasinger, Bernhard Bauer ER (Workshops) 3-540-29395-7 Springer Lecture Notes in Computer Science Perspectives in Conceptual Modeling, ER 2005 Workshops AOIS, BP-UML, CoMoGIS, eCOMO, and QoIS, Klagenfurt, Austria, October 24-28, 2005, Proceedings 2005</font></p>
          <br></br>]]>
        </FormattedContent>
      </QuestionContent>
      <AnswerSpecification>
        <SelectionAnswer>
          <StyleSuggestion>radiobutton</StyleSuggestion>
          <Selections>
            <Selection>
              <SelectionIdentifier>author</SelectionIdentifier>
              <Text>Author</Text>
            </Selection>
            <Selection>
              <SelectionIdentifier>title</SelectionIdentifier>
              <Text>Title</Text>
            </Selection>
            <Selection>
              <SelectionIdentifier>conference</SelectionIdentifier>
              <Text>Conference</Text>
            </Selection>
            <Selection>
              <SelectionIdentifier>proceedings</SelectionIdentifier>
              <Text>Proceedings</Text>
            </Selection>
            <Selection>
              <SelectionIdentifier>series</SelectionIdentifier>
              <Text>Series</Text>
            </Selection>
            <Selection>
              <SelectionIdentifier>publisher</SelectionIdentifier>
              <Text>Publisher</Text>
            </Selection>
            <Selection>
              <SelectionIdentifier>isbn</SelectionIdentifier>
              <Text>ISBN</Text>
            </Selection>
            <Selection>
              <SelectionIdentifier>year</SelectionIdentifier>
              <Text>Year</Text>
            </Selection>
          </Selections>
        </SelectionAnswer>
      </AnswerSpecification>
    </Question>
    <Question>
    <QuestionIdentifier>1</QuestionIdentifier>
    <QuestionContent>
        <FormattedContent>
          <![CDATA[
          <br></br>
          <p><font size="2"> Procedure-Level Verification of Real-time Concurrent Systems. Farn Wang, Chia-Tien Dan Lo FME 3-540-60973-3 Springer Lecture Notes in Computer Science FME _96: Industrial Benefit and Advances in Formal Methods, Third International Symposium of Formal Methods Europe, Co-Sponsored by <b>IFIP</b> <b> </b> WG 14.3, Oxford, UK, March 18-22, 1996, Proceedings 1996</font></p>
          <br></br>]]>
        </FormattedContent>
      </QuestionContent>
      <AnswerSpecification>
        <SelectionAnswer>
          <StyleSuggestion>radiobutton</StyleSuggestion>
          <Selections>
            <Selection>
              <SelectionIdentifier>author</SelectionIdentifier>
              <Text>Author</Text>
            </Selection>
            <Selection>
              <SelectionIdentifier>title</SelectionIdentifier>
              <Text>Title</Text>
            </Selection>
            <Selection>
              <SelectionIdentifier>conference</SelectionIdentifier>
              <Text>Conference</Text>
            </Selection>
            <Selection>
              <SelectionIdentifier>proceedings</SelectionIdentifier>
              <Text>Proceedings</Text>
            </Selection>
            <Selection>
              <SelectionIdentifier>series</SelectionIdentifier>
              <Text>Series</Text>
            </Selection>
            <Selection>
              <SelectionIdentifier>publisher</SelectionIdentifier>
              <Text>Publisher</Text>
            </Selection>
            <Selection>
              <SelectionIdentifier>isbn</SelectionIdentifier>
              <Text>ISBN</Text>
            </Selection>
            <Selection>
              <SelectionIdentifier>year</SelectionIdentifier>
              <Text>Year</Text>
            </Selection>
          </Selections>
        </SelectionAnswer>
      </AnswerSpecification>
    </Question>
  </QuestionForm>
