<?xml version="1.0" encoding="UTF-8"?>
  <QuestionForm xmlns="http://mechanicalturk.amazonaws.com/AWSMechanicalTurkDataSchemas/2005-10-01/QuestionForm.xsd
">
    <Overview>
      <Title>Bibliographic Labeling</Title>
      <Text>In referencing published academic papers, a shortened citation containing the pertinent information is normally used.  The fields that are traditionally given are:</Text>
      <List>
        <ListItem>Title - The title of the paper.</ListItem>
        <ListItem>Author - The author of the paper.</ListItem>

        <ListItem>Conference - Organization where the paper was presented.  Usually, but not always, listed as an acronym.</ListItem>
        <ListItem>Proceedings - Title of the published conference document.  Usually contains the conference acronym and date of the conference.</ListItem>
        <ListItem>Series - Higher level general topic of which the proceedings is a part.</ListItem>
		   <ListItem>Publisher - Company publishing the proceedings.</ListItem>
		   <ListItem>ISBN - String of 10 or 13 digits uniquely identifying the book the paper was published in.</ListItem>
        <ListItem>Year - Year the paper was published.</ListItem>
		 </List>
		 <Text>A tagged example is given below with different colors representing different labels for each piece of information.</Text>
      <FormattedContent>
        <![CDATA[
      <br></br>
        <p><font color="red">Generating Robust Partial Order Schedules.</font><font color="blue"> Amedeo Cesta, Angelo Oddi, Stephen F. Smith, Nicola Policella</font><font color="green"> CP </font><font color="chocolate">3-540-23241-9 </font><font color="fuchsia">Springer </font><font color="mediumpurple">Lecture Notes in Computer Science Principles and Practice of Constraint Programming </font><font color="yellowgreen">- CP 2004, 10th International Conference, CP 2004, Toronto, Canada, September 27 - October 1, 2004, Proceedings </font><font color="teal">2004</font></p>        <br></br>
        <p>Key:</p>        <p><font color="red">Title</font></p>        <p><font color="blue">Author</font></p>        <p><font color="green">Conference</font></p>        <p><font color="chocolate">ISBN</font></p>        <p><font color="fuchsia">Publisher</font></p>        <p><font color="mediumpurple">Series</font></p>        <p><font color="yellowgreen">Proceedings</font></p>        <p><font color="teal">Year</font></p>        <br></br>
        <p>Please look at the bibliographic sequences below and select the appropriate label for the <b>bolded</b> token. Note: If more than one word is bolded, select the label corresponding to the FIRST one in the sequence.</p>]]>
      </FormattedContent>
    </Overview>
    <Question>
    <QuestionIdentifier>1</QuestionIdentifier>
    <QuestionContent>
        <FormattedContent>
          <![CDATA[
          <br></br>
          <p><font size="2"> A Strategic Approach to Transformational Design. Jurgen Bohn, Wil Janssen FME 3-540-60973-3 Springer Lecture Notes in Computer Science FME _96: Industrial Benefit and Advances in Formal Methods, Third International Symposium of Formal Methods Europe, Co-Sponsored by <b>IFIP</b> <b> </b> WG 14.3, Oxford, UK, March 18-22, 1996, Proceedings 1996</font></p>
          <br></br>]]>
        </FormattedContent>
      </QuestionContent>
      <AnswerSpecification>
        <SelectionAnswer>
          <StyleSuggestion>radiobutton</StyleSuggestion>
          <Selections>
            <Selection>
              <SelectionIdentifier>author</SelectionIdentifier>
              <Text>Author</Text>
            </Selection>
            <Selection>
              <SelectionIdentifier>title</SelectionIdentifier>
              <Text>Title</Text>
            </Selection>
            <Selection>
              <SelectionIdentifier>conference</SelectionIdentifier>
              <Text>Conference</Text>
            </Selection>
            <Selection>
              <SelectionIdentifier>proceedings</SelectionIdentifier>
              <Text>Proceedings</Text>
            </Selection>
            <Selection>
              <SelectionIdentifier>series</SelectionIdentifier>
              <Text>Series</Text>
            </Selection>
            <Selection>
              <SelectionIdentifier>publisher</SelectionIdentifier>
              <Text>Publisher</Text>
            </Selection>
            <Selection>
              <SelectionIdentifier>isbn</SelectionIdentifier>
              <Text>ISBN</Text>
            </Selection>
            <Selection>
              <SelectionIdentifier>year</SelectionIdentifier>
              <Text>Year</Text>
            </Selection>
          </Selections>
        </SelectionAnswer>
      </AnswerSpecification>
    </Question>
    <Question>
    <QuestionIdentifier>1</QuestionIdentifier>
    <QuestionContent>
        <FormattedContent>
          <![CDATA[
          <br></br>
          <p><font size="2"> Applying the B Technologies on CICS. Jonathan Hoare, David Neilson, Ib Holm Sorensen, Jeremy Dick FME 3-540-60973-3 Springer Lecture Notes in Computer Science FME _96: Industrial Benefit and Advances in Formal Methods, Third International Symposium of Formal Methods Europe, Co-Sponsored by <b>IFIP</b> <b> </b> WG 14.3, Oxford, UK, March 18-22, 1996, Proceedings 1996</font></p>
          <br></br>]]>
        </FormattedContent>
      </QuestionContent>
      <AnswerSpecification>
        <SelectionAnswer>
          <StyleSuggestion>radiobutton</StyleSuggestion>
          <Selections>
            <Selection>
              <SelectionIdentifier>author</SelectionIdentifier>
              <Text>Author</Text>
            </Selection>
            <Selection>
              <SelectionIdentifier>title</SelectionIdentifier>
              <Text>Title</Text>
            </Selection>
            <Selection>
              <SelectionIdentifier>conference</SelectionIdentifier>
              <Text>Conference</Text>
            </Selection>
            <Selection>
              <SelectionIdentifier>proceedings</SelectionIdentifier>
              <Text>Proceedings</Text>
            </Selection>
            <Selection>
              <SelectionIdentifier>series</SelectionIdentifier>
              <Text>Series</Text>
            </Selection>
            <Selection>
              <SelectionIdentifier>publisher</SelectionIdentifier>
              <Text>Publisher</Text>
            </Selection>
            <Selection>
              <SelectionIdentifier>isbn</SelectionIdentifier>
              <Text>ISBN</Text>
            </Selection>
            <Selection>
              <SelectionIdentifier>year</SelectionIdentifier>
              <Text>Year</Text>
            </Selection>
          </Selections>
        </SelectionAnswer>
      </AnswerSpecification>
    </Question>
    <Question>
    <QuestionIdentifier>1</QuestionIdentifier>
    <QuestionContent>
        <FormattedContent>
          <![CDATA[
          <br></br>
          <p><font size="2"> Formal Specification and Verification of the pGVT Algorithm. Philip A. Wilsey, Perry Alexander, Radharamanan Radhakrishnan, Peter Frey, Balakrishnan Kannikeswaran FME 3-540-60973-3 Springer Lecture Notes in Computer Science FME _96: Industrial Benefit and Advances in Formal Methods, Third International Symposium of Formal Methods Europe, Co-Sponsored by <b>IFIP</b> <b> </b> WG 14.3, Oxford, UK, March 18-22, 1996, Proceedings 1996</font></p>
          <br></br>]]>
        </FormattedContent>
      </QuestionContent>
      <AnswerSpecification>
        <SelectionAnswer>
          <StyleSuggestion>radiobutton</StyleSuggestion>
          <Selections>
            <Selection>
              <SelectionIdentifier>author</SelectionIdentifier>
              <Text>Author</Text>
            </Selection>
            <Selection>
              <SelectionIdentifier>title</SelectionIdentifier>
              <Text>Title</Text>
            </Selection>
            <Selection>
              <SelectionIdentifier>conference</SelectionIdentifier>
              <Text>Conference</Text>
            </Selection>
            <Selection>
              <SelectionIdentifier>proceedings</SelectionIdentifier>
              <Text>Proceedings</Text>
            </Selection>
            <Selection>
              <SelectionIdentifier>series</SelectionIdentifier>
              <Text>Series</Text>
            </Selection>
            <Selection>
              <SelectionIdentifier>publisher</SelectionIdentifier>
              <Text>Publisher</Text>
            </Selection>
            <Selection>
              <SelectionIdentifier>isbn</SelectionIdentifier>
              <Text>ISBN</Text>
            </Selection>
            <Selection>
              <SelectionIdentifier>year</SelectionIdentifier>
              <Text>Year</Text>
            </Selection>
          </Selections>
        </SelectionAnswer>
      </AnswerSpecification>
    </Question>
    <Question>
    <QuestionIdentifier>1</QuestionIdentifier>
    <QuestionContent>
        <FormattedContent>
          <![CDATA[
          <br></br>
          <p><font size="2"> Formal Justification of the Rely-Guarantee Paradigm for Shared-Variable Concurrency: A Semantic Approach. Frank S. de Boer, Willem P. de Roever, Ulrich Hannemann World Congress on Formal Methods 3-540-66588-9 Springer Lecture Notes in Computer Science FM_99 - Formal <b>Methods</b> , World Congress on Formal Methods in the Development of Computing Systems, Toulouse, France, September 20-24, 1999, Proceedings, Volume II 1999</font></p>
          <br></br>]]>
        </FormattedContent>
      </QuestionContent>
      <AnswerSpecification>
        <SelectionAnswer>
          <StyleSuggestion>radiobutton</StyleSuggestion>
          <Selections>
            <Selection>
              <SelectionIdentifier>author</SelectionIdentifier>
              <Text>Author</Text>
            </Selection>
            <Selection>
              <SelectionIdentifier>title</SelectionIdentifier>
              <Text>Title</Text>
            </Selection>
            <Selection>
              <SelectionIdentifier>conference</SelectionIdentifier>
              <Text>Conference</Text>
            </Selection>
            <Selection>
              <SelectionIdentifier>proceedings</SelectionIdentifier>
              <Text>Proceedings</Text>
            </Selection>
            <Selection>
              <SelectionIdentifier>series</SelectionIdentifier>
              <Text>Series</Text>
            </Selection>
            <Selection>
              <SelectionIdentifier>publisher</SelectionIdentifier>
              <Text>Publisher</Text>
            </Selection>
            <Selection>
              <SelectionIdentifier>isbn</SelectionIdentifier>
              <Text>ISBN</Text>
            </Selection>
            <Selection>
              <SelectionIdentifier>year</SelectionIdentifier>
              <Text>Year</Text>
            </Selection>
          </Selections>
        </SelectionAnswer>
      </AnswerSpecification>
    </Question>
    <Question>
    <QuestionIdentifier>1</QuestionIdentifier>
    <QuestionContent>
        <FormattedContent>
          <![CDATA[
          <br></br>
          <p><font size="2"> A Business Process Design Language. Wouter B. Teeuw, Wil Janssen, Chris A. Vissers, Paul Oude Luttighuis, Henk Eertink World Congress on Formal Methods 3-540-66587-0 Springer Lecture Notes in Computer Science FM_99 - Formal <b>Methods</b> , World Congress on Formal Methods in the Development of Computing Systems, Toulouse, France, September 20-24, 1999, Proceedings, Volume I 1999</font></p>
          <br></br>]]>
        </FormattedContent>
      </QuestionContent>
      <AnswerSpecification>
        <SelectionAnswer>
          <StyleSuggestion>radiobutton</StyleSuggestion>
          <Selections>
            <Selection>
              <SelectionIdentifier>author</SelectionIdentifier>
              <Text>Author</Text>
            </Selection>
            <Selection>
              <SelectionIdentifier>title</SelectionIdentifier>
              <Text>Title</Text>
            </Selection>
            <Selection>
              <SelectionIdentifier>conference</SelectionIdentifier>
              <Text>Conference</Text>
            </Selection>
            <Selection>
              <SelectionIdentifier>proceedings</SelectionIdentifier>
              <Text>Proceedings</Text>
            </Selection>
            <Selection>
              <SelectionIdentifier>series</SelectionIdentifier>
              <Text>Series</Text>
            </Selection>
            <Selection>
              <SelectionIdentifier>publisher</SelectionIdentifier>
              <Text>Publisher</Text>
            </Selection>
            <Selection>
              <SelectionIdentifier>isbn</SelectionIdentifier>
              <Text>ISBN</Text>
            </Selection>
            <Selection>
              <SelectionIdentifier>year</SelectionIdentifier>
              <Text>Year</Text>
            </Selection>
          </Selections>
        </SelectionAnswer>
      </AnswerSpecification>
    </Question>
    <Question>
    <QuestionIdentifier>1</QuestionIdentifier>
    <QuestionContent>
        <FormattedContent>
          <![CDATA[
          <br></br>
          <p><font size="2"> A Perfect Verification: Combining Model Checking with Deductive Analysis to Verify Real-Life Software. Amit Klein, Gil Raanan, Amir Pnueli, Yonit Kesten World Congress on Formal Methods 3-540-66587-0 Springer Lecture Notes in Computer Science FM_99 - Formal <b>Methods</b> , World Congress on Formal Methods in the Development of Computing Systems, Toulouse, France, September 20-24, 1999, Proceedings, Volume I 1999</font></p>
          <br></br>]]>
        </FormattedContent>
      </QuestionContent>
      <AnswerSpecification>
        <SelectionAnswer>
          <StyleSuggestion>radiobutton</StyleSuggestion>
          <Selections>
            <Selection>
              <SelectionIdentifier>author</SelectionIdentifier>
              <Text>Author</Text>
            </Selection>
            <Selection>
              <SelectionIdentifier>title</SelectionIdentifier>
              <Text>Title</Text>
            </Selection>
            <Selection>
              <SelectionIdentifier>conference</SelectionIdentifier>
              <Text>Conference</Text>
            </Selection>
            <Selection>
              <SelectionIdentifier>proceedings</SelectionIdentifier>
              <Text>Proceedings</Text>
            </Selection>
            <Selection>
              <SelectionIdentifier>series</SelectionIdentifier>
              <Text>Series</Text>
            </Selection>
            <Selection>
              <SelectionIdentifier>publisher</SelectionIdentifier>
              <Text>Publisher</Text>
            </Selection>
            <Selection>
              <SelectionIdentifier>isbn</SelectionIdentifier>
              <Text>ISBN</Text>
            </Selection>
            <Selection>
              <SelectionIdentifier>year</SelectionIdentifier>
              <Text>Year</Text>
            </Selection>
          </Selections>
        </SelectionAnswer>
      </AnswerSpecification>
    </Question>
    <Question>
    <QuestionIdentifier>1</QuestionIdentifier>
    <QuestionContent>
        <FormattedContent>
          <![CDATA[
          <br></br>
          <p><font size="2"> A Formal Semantics for Z and the Link between Z and the Relational Algebra. M. J. van Diepen, Kees M. van Hee VDM Europe 3-540-52513-0 Springer Lecture Notes in Computer Science VDM _90, VDM and Z - Formal Methods in Software Development<b>,</b> <b> </b> Third International Symposium of VDM Europe, Kiel, FRG, April 17-21, 1990, Proceedings 1990</font></p>
          <br></br>]]>
        </FormattedContent>
      </QuestionContent>
      <AnswerSpecification>
        <SelectionAnswer>
          <StyleSuggestion>radiobutton</StyleSuggestion>
          <Selections>
            <Selection>
              <SelectionIdentifier>author</SelectionIdentifier>
              <Text>Author</Text>
            </Selection>
            <Selection>
              <SelectionIdentifier>title</SelectionIdentifier>
              <Text>Title</Text>
            </Selection>
            <Selection>
              <SelectionIdentifier>conference</SelectionIdentifier>
              <Text>Conference</Text>
            </Selection>
            <Selection>
              <SelectionIdentifier>proceedings</SelectionIdentifier>
              <Text>Proceedings</Text>
            </Selection>
            <Selection>
              <SelectionIdentifier>series</SelectionIdentifier>
              <Text>Series</Text>
            </Selection>
            <Selection>
              <SelectionIdentifier>publisher</SelectionIdentifier>
              <Text>Publisher</Text>
            </Selection>
            <Selection>
              <SelectionIdentifier>isbn</SelectionIdentifier>
              <Text>ISBN</Text>
            </Selection>
            <Selection>
              <SelectionIdentifier>year</SelectionIdentifier>
              <Text>Year</Text>
            </Selection>
          </Selections>
        </SelectionAnswer>
      </AnswerSpecification>
    </Question>
    <Question>
    <QuestionIdentifier>1</QuestionIdentifier>
    <QuestionContent>
        <FormattedContent>
          <![CDATA[
          <br></br>
          <p><font size="2"> A Formal Approach to Architectural Design Patterns. Paulo S. C. Alencar, Donald D. Cowan, Carlos Jose Pereira de Lucena FME 3-540-60973-3 Springer Lecture Notes in Computer Science FME _96: Industrial Benefit and Advances in Formal Methods, Third International Symposium of Formal Methods Europe, Co-Sponsored by <b>IFIP</b> <b> </b> WG 14.3, Oxford, UK, March 18-22, 1996, Proceedings 1996</font></p>
          <br></br>]]>
        </FormattedContent>
      </QuestionContent>
      <AnswerSpecification>
        <SelectionAnswer>
          <StyleSuggestion>radiobutton</StyleSuggestion>
          <Selections>
            <Selection>
              <SelectionIdentifier>author</SelectionIdentifier>
              <Text>Author</Text>
            </Selection>
            <Selection>
              <SelectionIdentifier>title</SelectionIdentifier>
              <Text>Title</Text>
            </Selection>
            <Selection>
              <SelectionIdentifier>conference</SelectionIdentifier>
              <Text>Conference</Text>
            </Selection>
            <Selection>
              <SelectionIdentifier>proceedings</SelectionIdentifier>
              <Text>Proceedings</Text>
            </Selection>
            <Selection>
              <SelectionIdentifier>series</SelectionIdentifier>
              <Text>Series</Text>
            </Selection>
            <Selection>
              <SelectionIdentifier>publisher</SelectionIdentifier>
              <Text>Publisher</Text>
            </Selection>
            <Selection>
              <SelectionIdentifier>isbn</SelectionIdentifier>
              <Text>ISBN</Text>
            </Selection>
            <Selection>
              <SelectionIdentifier>year</SelectionIdentifier>
              <Text>Year</Text>
            </Selection>
          </Selections>
        </SelectionAnswer>
      </AnswerSpecification>
    </Question>
    <Question>
    <QuestionIdentifier>1</QuestionIdentifier>
    <QuestionContent>
        <FormattedContent>
          <![CDATA[
          <br></br>
          <p><font size="2"> Optimizing Area and Aspect Ratio in Straight-Line Orthogonal <b>Tree</b> <b> </b> Drawings. Roberto Tamassia, S. Rao Kosaraju, Michael T. Goodrich, Timothy M. Chan Graph Drawing 3-540-62495-3 Springer Lecture Notes in Computer Science Graph Drawing, Symposium on Graph Drawing, GD _96, Berkeley, California, USA, September  18-20, Proceedings 1997</font></p>
          <br></br>]]>
        </FormattedContent>
      </QuestionContent>
      <AnswerSpecification>
        <SelectionAnswer>
          <StyleSuggestion>radiobutton</StyleSuggestion>
          <Selections>
            <Selection>
              <SelectionIdentifier>author</SelectionIdentifier>
              <Text>Author</Text>
            </Selection>
            <Selection>
              <SelectionIdentifier>title</SelectionIdentifier>
              <Text>Title</Text>
            </Selection>
            <Selection>
              <SelectionIdentifier>conference</SelectionIdentifier>
              <Text>Conference</Text>
            </Selection>
            <Selection>
              <SelectionIdentifier>proceedings</SelectionIdentifier>
              <Text>Proceedings</Text>
            </Selection>
            <Selection>
              <SelectionIdentifier>series</SelectionIdentifier>
              <Text>Series</Text>
            </Selection>
            <Selection>
              <SelectionIdentifier>publisher</SelectionIdentifier>
              <Text>Publisher</Text>
            </Selection>
            <Selection>
              <SelectionIdentifier>isbn</SelectionIdentifier>
              <Text>ISBN</Text>
            </Selection>
            <Selection>
              <SelectionIdentifier>year</SelectionIdentifier>
              <Text>Year</Text>
            </Selection>
          </Selections>
        </SelectionAnswer>
      </AnswerSpecification>
    </Question>
    <Question>
    <QuestionIdentifier>1</QuestionIdentifier>
    <QuestionContent>
        <FormattedContent>
          <![CDATA[
          <br></br>
          <p><font size="2"> <b>Manfred</b> <b> </b> Thiel Kommunikations- und sprechakttheoretische Betrachtung sprachlichen und strategischen Wissens. Wissensarten und ihre Darstellung 3-540-19071-6 Springer Informatik-Fachberichte Wissensarten und ihre Darstellung, Beitrage aus Philosophie, Informatik und Linguistik [Workshop 20./21. November 1986, Universitat Erlangen-Nurnberg] 1988</font></p>
          <br></br>]]>
        </FormattedContent>
      </QuestionContent>
      <AnswerSpecification>
        <SelectionAnswer>
          <StyleSuggestion>radiobutton</StyleSuggestion>
          <Selections>
            <Selection>
              <SelectionIdentifier>author</SelectionIdentifier>
              <Text>Author</Text>
            </Selection>
            <Selection>
              <SelectionIdentifier>title</SelectionIdentifier>
              <Text>Title</Text>
            </Selection>
            <Selection>
              <SelectionIdentifier>conference</SelectionIdentifier>
              <Text>Conference</Text>
            </Selection>
            <Selection>
              <SelectionIdentifier>proceedings</SelectionIdentifier>
              <Text>Proceedings</Text>
            </Selection>
            <Selection>
              <SelectionIdentifier>series</SelectionIdentifier>
              <Text>Series</Text>
            </Selection>
            <Selection>
              <SelectionIdentifier>publisher</SelectionIdentifier>
              <Text>Publisher</Text>
            </Selection>
            <Selection>
              <SelectionIdentifier>isbn</SelectionIdentifier>
              <Text>ISBN</Text>
            </Selection>
            <Selection>
              <SelectionIdentifier>year</SelectionIdentifier>
              <Text>Year</Text>
            </Selection>
          </Selections>
        </SelectionAnswer>
      </AnswerSpecification>
    </Question>
  </QuestionForm>
