<?xml version="1.0" encoding="UTF-8"?>
  <QuestionForm xmlns="http://mechanicalturk.amazonaws.com/AWSMechanicalTurkDataSchemas/2005-10-01/QuestionForm.xsd
">
    <Overview>
      <Title>Bibliographic Labeling</Title>
      <Text>In referencing published academic papers, a shortened citation containing the pertinent information is normally used.  The fields that are traditionally given are:</Text>
      <List>
        <ListItem>Title - The title of the paper.</ListItem>
        <ListItem>Author - The author of the paper.</ListItem>

        <ListItem>Conference - Organization where the paper was presented.  Usually, but not always, listed as an acronym.</ListItem>
        <ListItem>Proceedings - Title of the published conference document.  Usually contains the conference acronym and date of the conference.</ListItem>
        <ListItem>Series - Higher level general topic of which the proceedings is a part.</ListItem>
		   <ListItem>Publisher - Company publishing the proceedings.</ListItem>
		   <ListItem>ISBN - String of 10 or 13 digits uniquely identifying the book the paper was published in.</ListItem>
        <ListItem>Year - Year the paper was published.</ListItem>
		 </List>
		 <Text>A tagged example is given below with different colors representing different labels for each piece of information.</Text>
      <FormattedContent>
        <![CDATA[
      <br></br>
        <p><font color="red">Generating Robust Partial Order Schedules.</font><font color="blue"> Amedeo Cesta, Angelo Oddi, Stephen F. Smith, Nicola Policella</font><font color="green"> CP </font><font color="chocolate">3-540-23241-9 </font><font color="fuchsia">Springer </font><font color="mediumpurple">Lecture Notes in Computer Science Principles and Practice of Constraint Programming </font><font color="yellowgreen">- CP 2004, 10th International Conference, CP 2004, Toronto, Canada, September 27 - October 1, 2004, Proceedings </font><font color="teal">2004</font></p>        <br></br>
        <p>Key:</p>        <p><font color="red">Title</font></p>        <p><font color="blue">Author</font></p>        <p><font color="green">Conference</font></p>        <p><font color="chocolate">ISBN</font></p>        <p><font color="fuchsia">Publisher</font></p>        <p><font color="mediumpurple">Series</font></p>        <p><font color="yellowgreen">Proceedings</font></p>        <p><font color="teal">Year</font></p>        <br></br>
        <p>Please look at the bibliographic sequences below and select the appropriate label for the <b>bolded</b> token. Note: If more than one word is bolded, select the label corresponding to the FIRST one in the sequence.</p>]]>
      </FormattedContent>
    </Overview>
    <Question>
    <QuestionIdentifier>1</QuestionIdentifier>
    <QuestionContent>
        <FormattedContent>
          <![CDATA[
          <br></br>
          <p><font size="2"> Karl-Heinrich Schmidt Explikation medizinischer Beobachtungssprachen. Wissensarten und ihre Darstellung 3-540-19071-6 Springer Informatik-Fachberichte Wissensarten und ihre Darstellung, Beitrage aus Philosophie, Informatik und Linguistik [Workshop 20./21. November 1986<b>,</b> <b> </b> Universitat Erlangen-Nurnberg] 1988</font></p>
          <br></br>]]>
        </FormattedContent>
      </QuestionContent>
      <AnswerSpecification>
        <SelectionAnswer>
          <StyleSuggestion>radiobutton</StyleSuggestion>
          <Selections>
            <Selection>
              <SelectionIdentifier>author</SelectionIdentifier>
              <Text>Author</Text>
            </Selection>
            <Selection>
              <SelectionIdentifier>title</SelectionIdentifier>
              <Text>Title</Text>
            </Selection>
            <Selection>
              <SelectionIdentifier>conference</SelectionIdentifier>
              <Text>Conference</Text>
            </Selection>
            <Selection>
              <SelectionIdentifier>proceedings</SelectionIdentifier>
              <Text>Proceedings</Text>
            </Selection>
            <Selection>
              <SelectionIdentifier>series</SelectionIdentifier>
              <Text>Series</Text>
            </Selection>
            <Selection>
              <SelectionIdentifier>publisher</SelectionIdentifier>
              <Text>Publisher</Text>
            </Selection>
            <Selection>
              <SelectionIdentifier>isbn</SelectionIdentifier>
              <Text>ISBN</Text>
            </Selection>
            <Selection>
              <SelectionIdentifier>year</SelectionIdentifier>
              <Text>Year</Text>
            </Selection>
          </Selections>
        </SelectionAnswer>
      </AnswerSpecification>
    </Question>
    <Question>
    <QuestionIdentifier>1</QuestionIdentifier>
    <QuestionContent>
        <FormattedContent>
          <![CDATA[
          <br></br>
          <p><font size="2"> <b>Josef</b> <b> </b> Krems Kognitionspsychologie und Wissensverarbeitung - Einfuhrung. Wissensarten und ihre Darstellung 3-540-19071-6 Springer Informatik-Fachberichte Wissensarten und ihre Darstellung, Beitrage aus Philosophie, Informatik und Linguistik [Workshop 20./21. November 1986, Universitat Erlangen-Nurnberg] 1988</font></p>
          <br></br>]]>
        </FormattedContent>
      </QuestionContent>
      <AnswerSpecification>
        <SelectionAnswer>
          <StyleSuggestion>radiobutton</StyleSuggestion>
          <Selections>
            <Selection>
              <SelectionIdentifier>author</SelectionIdentifier>
              <Text>Author</Text>
            </Selection>
            <Selection>
              <SelectionIdentifier>title</SelectionIdentifier>
              <Text>Title</Text>
            </Selection>
            <Selection>
              <SelectionIdentifier>conference</SelectionIdentifier>
              <Text>Conference</Text>
            </Selection>
            <Selection>
              <SelectionIdentifier>proceedings</SelectionIdentifier>
              <Text>Proceedings</Text>
            </Selection>
            <Selection>
              <SelectionIdentifier>series</SelectionIdentifier>
              <Text>Series</Text>
            </Selection>
            <Selection>
              <SelectionIdentifier>publisher</SelectionIdentifier>
              <Text>Publisher</Text>
            </Selection>
            <Selection>
              <SelectionIdentifier>isbn</SelectionIdentifier>
              <Text>ISBN</Text>
            </Selection>
            <Selection>
              <SelectionIdentifier>year</SelectionIdentifier>
              <Text>Year</Text>
            </Selection>
          </Selections>
        </SelectionAnswer>
      </AnswerSpecification>
    </Question>
    <Question>
    <QuestionIdentifier>1</QuestionIdentifier>
    <QuestionContent>
        <FormattedContent>
          <![CDATA[
          <br></br>
          <p><font size="2"> Herbert Stoyan Wissen wissensbasierte Programme etwas? Wissensarten und ihre Darstellung 3-540-19071-6 Springer Informatik-Fachberichte Wissensarten und ihre Darstellung, Beitrage aus Philosophie, Informatik und Linguistik [Workshop 20./21. November 1986<b>,</b> <b> </b> Universitat Erlangen-Nurnberg] 1988</font></p>
          <br></br>]]>
        </FormattedContent>
      </QuestionContent>
      <AnswerSpecification>
        <SelectionAnswer>
          <StyleSuggestion>radiobutton</StyleSuggestion>
          <Selections>
            <Selection>
              <SelectionIdentifier>author</SelectionIdentifier>
              <Text>Author</Text>
            </Selection>
            <Selection>
              <SelectionIdentifier>title</SelectionIdentifier>
              <Text>Title</Text>
            </Selection>
            <Selection>
              <SelectionIdentifier>conference</SelectionIdentifier>
              <Text>Conference</Text>
            </Selection>
            <Selection>
              <SelectionIdentifier>proceedings</SelectionIdentifier>
              <Text>Proceedings</Text>
            </Selection>
            <Selection>
              <SelectionIdentifier>series</SelectionIdentifier>
              <Text>Series</Text>
            </Selection>
            <Selection>
              <SelectionIdentifier>publisher</SelectionIdentifier>
              <Text>Publisher</Text>
            </Selection>
            <Selection>
              <SelectionIdentifier>isbn</SelectionIdentifier>
              <Text>ISBN</Text>
            </Selection>
            <Selection>
              <SelectionIdentifier>year</SelectionIdentifier>
              <Text>Year</Text>
            </Selection>
          </Selections>
        </SelectionAnswer>
      </AnswerSpecification>
    </Question>
    <Question>
    <QuestionIdentifier>1</QuestionIdentifier>
    <QuestionContent>
        <FormattedContent>
          <![CDATA[
          <br></br>
          <p><font size="2"> <b>Gerhard</b> <b> </b> Heyer Wissensreprasentation und Wissensakquisition - Einfuhrung. Wissensarten und ihre Darstellung 3-540-19071-6 Springer Informatik-Fachberichte Wissensarten und ihre Darstellung, Beitrage aus Philosophie, Informatik und Linguistik [Workshop 20./21. November 1986, Universitat Erlangen-Nurnberg] 1988</font></p>
          <br></br>]]>
        </FormattedContent>
      </QuestionContent>
      <AnswerSpecification>
        <SelectionAnswer>
          <StyleSuggestion>radiobutton</StyleSuggestion>
          <Selections>
            <Selection>
              <SelectionIdentifier>author</SelectionIdentifier>
              <Text>Author</Text>
            </Selection>
            <Selection>
              <SelectionIdentifier>title</SelectionIdentifier>
              <Text>Title</Text>
            </Selection>
            <Selection>
              <SelectionIdentifier>conference</SelectionIdentifier>
              <Text>Conference</Text>
            </Selection>
            <Selection>
              <SelectionIdentifier>proceedings</SelectionIdentifier>
              <Text>Proceedings</Text>
            </Selection>
            <Selection>
              <SelectionIdentifier>series</SelectionIdentifier>
              <Text>Series</Text>
            </Selection>
            <Selection>
              <SelectionIdentifier>publisher</SelectionIdentifier>
              <Text>Publisher</Text>
            </Selection>
            <Selection>
              <SelectionIdentifier>isbn</SelectionIdentifier>
              <Text>ISBN</Text>
            </Selection>
            <Selection>
              <SelectionIdentifier>year</SelectionIdentifier>
              <Text>Year</Text>
            </Selection>
          </Selections>
        </SelectionAnswer>
      </AnswerSpecification>
    </Question>
    <Question>
    <QuestionIdentifier>1</QuestionIdentifier>
    <QuestionContent>
        <FormattedContent>
          <![CDATA[
          <br></br>
          <p><font size="2"> <b>Gerhard</b> <b> </b> Heyer Reprasentation und Verstehen - Einfuhrung. Wissensarten und ihre Darstellung 3-540-19071-6 Springer Informatik-Fachberichte Wissensarten und ihre Darstellung, Beitrage aus Philosophie, Informatik und Linguistik [Workshop 20./21. November 1986, Universitat Erlangen-Nurnberg] 1988</font></p>
          <br></br>]]>
        </FormattedContent>
      </QuestionContent>
      <AnswerSpecification>
        <SelectionAnswer>
          <StyleSuggestion>radiobutton</StyleSuggestion>
          <Selections>
            <Selection>
              <SelectionIdentifier>author</SelectionIdentifier>
              <Text>Author</Text>
            </Selection>
            <Selection>
              <SelectionIdentifier>title</SelectionIdentifier>
              <Text>Title</Text>
            </Selection>
            <Selection>
              <SelectionIdentifier>conference</SelectionIdentifier>
              <Text>Conference</Text>
            </Selection>
            <Selection>
              <SelectionIdentifier>proceedings</SelectionIdentifier>
              <Text>Proceedings</Text>
            </Selection>
            <Selection>
              <SelectionIdentifier>series</SelectionIdentifier>
              <Text>Series</Text>
            </Selection>
            <Selection>
              <SelectionIdentifier>publisher</SelectionIdentifier>
              <Text>Publisher</Text>
            </Selection>
            <Selection>
              <SelectionIdentifier>isbn</SelectionIdentifier>
              <Text>ISBN</Text>
            </Selection>
            <Selection>
              <SelectionIdentifier>year</SelectionIdentifier>
              <Text>Year</Text>
            </Selection>
          </Selections>
        </SelectionAnswer>
      </AnswerSpecification>
    </Question>
    <Question>
    <QuestionIdentifier>1</QuestionIdentifier>
    <QuestionContent>
        <FormattedContent>
          <![CDATA[
          <br></br>
          <p><font size="2"> Numan Tas, Ingo Erdmann, Carsten Huth, Ludwig Nastansky GroupProzess Web: Graphische interaktive Management von Ad-hoc-Geschaftsprozessen im Web. Wissensmanagement 3-88579-357-1 GI LNI WM 2003: Professionelles Wissesmanagement - Erfahrungen und Visionen, Beitrage der 2. Konferenz <b>Professionelles</b> <b> </b> Wissensmanagement, 2.-4. April 2003 in Luzern 2003</font></p>
          <br></br>]]>
        </FormattedContent>
      </QuestionContent>
      <AnswerSpecification>
        <SelectionAnswer>
          <StyleSuggestion>radiobutton</StyleSuggestion>
          <Selections>
            <Selection>
              <SelectionIdentifier>author</SelectionIdentifier>
              <Text>Author</Text>
            </Selection>
            <Selection>
              <SelectionIdentifier>title</SelectionIdentifier>
              <Text>Title</Text>
            </Selection>
            <Selection>
              <SelectionIdentifier>conference</SelectionIdentifier>
              <Text>Conference</Text>
            </Selection>
            <Selection>
              <SelectionIdentifier>proceedings</SelectionIdentifier>
              <Text>Proceedings</Text>
            </Selection>
            <Selection>
              <SelectionIdentifier>series</SelectionIdentifier>
              <Text>Series</Text>
            </Selection>
            <Selection>
              <SelectionIdentifier>publisher</SelectionIdentifier>
              <Text>Publisher</Text>
            </Selection>
            <Selection>
              <SelectionIdentifier>isbn</SelectionIdentifier>
              <Text>ISBN</Text>
            </Selection>
            <Selection>
              <SelectionIdentifier>year</SelectionIdentifier>
              <Text>Year</Text>
            </Selection>
          </Selections>
        </SelectionAnswer>
      </AnswerSpecification>
    </Question>
    <Question>
    <QuestionIdentifier>1</QuestionIdentifier>
    <QuestionContent>
        <FormattedContent>
          <![CDATA[
          <br></br>
          <p><font size="2"> Christine Erlach, Karin Thier Narratives Wissensmanagement: mit Story Telling unternehmenskulturelles Wissen dokumentieren und verbretien. Wissensmanagement 3-88579-357-1 GI LNI WM 2003: Professionelles Wissesmanagement - Erfahrungen und Visionen, Beitrage der 2. Konferenz <b>Professionelles</b> <b> </b> Wissensmanagement, 2.-4. April 2003 in Luzern 2003</font></p>
          <br></br>]]>
        </FormattedContent>
      </QuestionContent>
      <AnswerSpecification>
        <SelectionAnswer>
          <StyleSuggestion>radiobutton</StyleSuggestion>
          <Selections>
            <Selection>
              <SelectionIdentifier>author</SelectionIdentifier>
              <Text>Author</Text>
            </Selection>
            <Selection>
              <SelectionIdentifier>title</SelectionIdentifier>
              <Text>Title</Text>
            </Selection>
            <Selection>
              <SelectionIdentifier>conference</SelectionIdentifier>
              <Text>Conference</Text>
            </Selection>
            <Selection>
              <SelectionIdentifier>proceedings</SelectionIdentifier>
              <Text>Proceedings</Text>
            </Selection>
            <Selection>
              <SelectionIdentifier>series</SelectionIdentifier>
              <Text>Series</Text>
            </Selection>
            <Selection>
              <SelectionIdentifier>publisher</SelectionIdentifier>
              <Text>Publisher</Text>
            </Selection>
            <Selection>
              <SelectionIdentifier>isbn</SelectionIdentifier>
              <Text>ISBN</Text>
            </Selection>
            <Selection>
              <SelectionIdentifier>year</SelectionIdentifier>
              <Text>Year</Text>
            </Selection>
          </Selections>
        </SelectionAnswer>
      </AnswerSpecification>
    </Question>
    <Question>
    <QuestionIdentifier>1</QuestionIdentifier>
    <QuestionContent>
        <FormattedContent>
          <![CDATA[
          <br></br>
          <p><font size="2"> Nick Craswell, David Hawking, Jared Cope Automated Discovery of Search Interfaces on the Web. ADC 0-909-92595-X <b>Australian</b> <b> </b> Computer Society CRPIT Database Technologies 2003, Proceedings of the 14th Australasian Database Conference, ADC 2003, Adelaide, South Australia, February 2003 2003</font></p>
          <br></br>]]>
        </FormattedContent>
      </QuestionContent>
      <AnswerSpecification>
        <SelectionAnswer>
          <StyleSuggestion>radiobutton</StyleSuggestion>
          <Selections>
            <Selection>
              <SelectionIdentifier>author</SelectionIdentifier>
              <Text>Author</Text>
            </Selection>
            <Selection>
              <SelectionIdentifier>title</SelectionIdentifier>
              <Text>Title</Text>
            </Selection>
            <Selection>
              <SelectionIdentifier>conference</SelectionIdentifier>
              <Text>Conference</Text>
            </Selection>
            <Selection>
              <SelectionIdentifier>proceedings</SelectionIdentifier>
              <Text>Proceedings</Text>
            </Selection>
            <Selection>
              <SelectionIdentifier>series</SelectionIdentifier>
              <Text>Series</Text>
            </Selection>
            <Selection>
              <SelectionIdentifier>publisher</SelectionIdentifier>
              <Text>Publisher</Text>
            </Selection>
            <Selection>
              <SelectionIdentifier>isbn</SelectionIdentifier>
              <Text>ISBN</Text>
            </Selection>
            <Selection>
              <SelectionIdentifier>year</SelectionIdentifier>
              <Text>Year</Text>
            </Selection>
          </Selections>
        </SelectionAnswer>
      </AnswerSpecification>
    </Question>
    <Question>
    <QuestionIdentifier>1</QuestionIdentifier>
    <QuestionContent>
        <FormattedContent>
          <![CDATA[
          <br></br>
          <p><font size="2"> Masahiro Ishikawa, Jiyuan An, Hanxiong Chen, Nobuo Ohbo, Kazutaka Furuse The Complex Polyhedra Technique: An Index Structure for High-Dimensional Space. ADC 0-909-92583-6 Australian Computer Society CRPIT Database Technologies 2002, Thirteenth <b>Australasian</b> <b> </b> Database Conference (ADC2002), Monash University, Melbourne, Victoria, January/February 2002 2002</font></p>
          <br></br>]]>
        </FormattedContent>
      </QuestionContent>
      <AnswerSpecification>
        <SelectionAnswer>
          <StyleSuggestion>radiobutton</StyleSuggestion>
          <Selections>
            <Selection>
              <SelectionIdentifier>author</SelectionIdentifier>
              <Text>Author</Text>
            </Selection>
            <Selection>
              <SelectionIdentifier>title</SelectionIdentifier>
              <Text>Title</Text>
            </Selection>
            <Selection>
              <SelectionIdentifier>conference</SelectionIdentifier>
              <Text>Conference</Text>
            </Selection>
            <Selection>
              <SelectionIdentifier>proceedings</SelectionIdentifier>
              <Text>Proceedings</Text>
            </Selection>
            <Selection>
              <SelectionIdentifier>series</SelectionIdentifier>
              <Text>Series</Text>
            </Selection>
            <Selection>
              <SelectionIdentifier>publisher</SelectionIdentifier>
              <Text>Publisher</Text>
            </Selection>
            <Selection>
              <SelectionIdentifier>isbn</SelectionIdentifier>
              <Text>ISBN</Text>
            </Selection>
            <Selection>
              <SelectionIdentifier>year</SelectionIdentifier>
              <Text>Year</Text>
            </Selection>
          </Selections>
        </SelectionAnswer>
      </AnswerSpecification>
    </Question>
    <Question>
    <QuestionIdentifier>1</QuestionIdentifier>
    <QuestionContent>
        <FormattedContent>
          <![CDATA[
          <br></br>
          <p><font size="2"> Dennis Pedersen, Karsten Riis, Torben Bach Pedersen A Powerful and SQL-Compatible Data Model and Query Language for OLAP. ADC 0-909-92583-6 Australian Computer Society CRPIT Database Technologies 2002, Thirteenth <b>Australasian</b> <b> </b> Database Conference (ADC2002), Monash University, Melbourne, Victoria, January/February 2002 2002</font></p>
          <br></br>]]>
        </FormattedContent>
      </QuestionContent>
      <AnswerSpecification>
        <SelectionAnswer>
          <StyleSuggestion>radiobutton</StyleSuggestion>
          <Selections>
            <Selection>
              <SelectionIdentifier>author</SelectionIdentifier>
              <Text>Author</Text>
            </Selection>
            <Selection>
              <SelectionIdentifier>title</SelectionIdentifier>
              <Text>Title</Text>
            </Selection>
            <Selection>
              <SelectionIdentifier>conference</SelectionIdentifier>
              <Text>Conference</Text>
            </Selection>
            <Selection>
              <SelectionIdentifier>proceedings</SelectionIdentifier>
              <Text>Proceedings</Text>
            </Selection>
            <Selection>
              <SelectionIdentifier>series</SelectionIdentifier>
              <Text>Series</Text>
            </Selection>
            <Selection>
              <SelectionIdentifier>publisher</SelectionIdentifier>
              <Text>Publisher</Text>
            </Selection>
            <Selection>
              <SelectionIdentifier>isbn</SelectionIdentifier>
              <Text>ISBN</Text>
            </Selection>
            <Selection>
              <SelectionIdentifier>year</SelectionIdentifier>
              <Text>Year</Text>
            </Selection>
          </Selections>
        </SelectionAnswer>
      </AnswerSpecification>
    </Question>
  </QuestionForm>
