<?xml version="1.0" encoding="UTF-8"?>
  <QuestionForm xmlns="http://mechanicalturk.amazonaws.com/AWSMechanicalTurkDataSchemas/2005-10-01/QuestionForm.xsd
">
    <Overview>
      <Title>Bibliographic Labeling</Title>
      <Text>In referencing published academic papers, a shortened citation containing the pertinent information is normally used.  The fields that are traditionally given are:</Text>
      <List>
        <ListItem>Title - The title of the paper.</ListItem>
        <ListItem>Author - The author of the paper.</ListItem>

        <ListItem>Conference - Organization where the paper was presented.  Usually, but not always, listed as an acronym.</ListItem>
        <ListItem>Proceedings - Title of the published conference document.  Usually contains the conference acronym and date of the conference.</ListItem>
        <ListItem>Series - Higher level general topic of which the proceedings is a part.</ListItem>
		   <ListItem>Publisher - Company publishing the proceedings.</ListItem>
		   <ListItem>ISBN - String of 10 or 13 digits uniquely identifying the book the paper was published in.</ListItem>
        <ListItem>Year - Year the paper was published.</ListItem>
		 </List>
		 <Text>A tagged example is given below with different colors representing different labels for each piece of information.</Text>
      <FormattedContent>
        <![CDATA[
      <br></br>
        <p><font color="red">Generating Robust Partial Order Schedules.</font><font color="blue"> Amedeo Cesta, Angelo Oddi, Stephen F. Smith, Nicola Policella</font><font color="green"> CP </font><font color="chocolate">3-540-23241-9 </font><font color="fuchsia">Springer </font><font color="mediumpurple">Lecture Notes in Computer Science Principles and Practice of Constraint Programming </font><font color="yellowgreen">- CP 2004, 10th International Conference, CP 2004, Toronto, Canada, September 27 - October 1, 2004, Proceedings </font><font color="teal">2004</font></p>        <br></br>
        <p>Key:</p>        <p><font color="red">Title</font></p>        <p><font color="blue">Author</font></p>        <p><font color="green">Conference</font></p>        <p><font color="chocolate">ISBN</font></p>        <p><font color="fuchsia">Publisher</font></p>        <p><font color="mediumpurple">Series</font></p>        <p><font color="yellowgreen">Proceedings</font></p>        <p><font color="teal">Year</font></p>        <br></br>
        <p>Please look at the bibliographic sequences below and select the appropriate label for the <b>bolded</b> token. Note: If more than one word is bolded, select the label corresponding to the FIRST one in the sequence.</p>]]>
      </FormattedContent>
    </Overview>
    <Question>
    <QuestionIdentifier>1</QuestionIdentifier>
    <QuestionContent>
        <FormattedContent>
          <![CDATA[
          <br></br>
          <p><font size="2"> Designing and Using Scalable Type for Display as Graphic Elements on Digital Devices. Vincent Connare EP 3-540-64298-6 Springer Lecture Notes in Computer Science Electronic Publishing, Artistic Imaging, and <b>Digital</b> <b> </b> Typography, 7th International Conference on Electronic Publishing, EP _98, Held Jointly with the 4th International Conference on Raster Imaging and Digital Typography, RIDT _98, St. Malo, France, March 30 - April 3, 1998, Proceedings 1998</font></p>
          <br></br>]]>
        </FormattedContent>
      </QuestionContent>
      <AnswerSpecification>
        <SelectionAnswer>
          <StyleSuggestion>radiobutton</StyleSuggestion>
          <Selections>
            <Selection>
              <SelectionIdentifier>author</SelectionIdentifier>
              <Text>Author</Text>
            </Selection>
            <Selection>
              <SelectionIdentifier>title</SelectionIdentifier>
              <Text>Title</Text>
            </Selection>
            <Selection>
              <SelectionIdentifier>conference</SelectionIdentifier>
              <Text>Conference</Text>
            </Selection>
            <Selection>
              <SelectionIdentifier>proceedings</SelectionIdentifier>
              <Text>Proceedings</Text>
            </Selection>
            <Selection>
              <SelectionIdentifier>series</SelectionIdentifier>
              <Text>Series</Text>
            </Selection>
            <Selection>
              <SelectionIdentifier>publisher</SelectionIdentifier>
              <Text>Publisher</Text>
            </Selection>
            <Selection>
              <SelectionIdentifier>isbn</SelectionIdentifier>
              <Text>ISBN</Text>
            </Selection>
            <Selection>
              <SelectionIdentifier>year</SelectionIdentifier>
              <Text>Year</Text>
            </Selection>
          </Selections>
        </SelectionAnswer>
      </AnswerSpecification>
    </Question>
    <Question>
    <QuestionIdentifier>1</QuestionIdentifier>
    <QuestionContent>
        <FormattedContent>
          <![CDATA[
          <br></br>
          <p><font size="2"> J. Dufau, Guy Juanole, B. Algayres On communication protocol modelling and design. <b>European</b> <b> </b> Workshop on Applications and Theory in Petri Nets 3-540-15204-0 Springer Lecture Notes in Computer Science Advances in Petri Nets 1984, European Workshop on Applications and Theory in Petri Nets, covers the last two years which include the workshop 1983 in Toulouse and the workshop 1984 in Aarhus, selected papers 1985</font></p>
          <br></br>]]>
        </FormattedContent>
      </QuestionContent>
      <AnswerSpecification>
        <SelectionAnswer>
          <StyleSuggestion>radiobutton</StyleSuggestion>
          <Selections>
            <Selection>
              <SelectionIdentifier>author</SelectionIdentifier>
              <Text>Author</Text>
            </Selection>
            <Selection>
              <SelectionIdentifier>title</SelectionIdentifier>
              <Text>Title</Text>
            </Selection>
            <Selection>
              <SelectionIdentifier>conference</SelectionIdentifier>
              <Text>Conference</Text>
            </Selection>
            <Selection>
              <SelectionIdentifier>proceedings</SelectionIdentifier>
              <Text>Proceedings</Text>
            </Selection>
            <Selection>
              <SelectionIdentifier>series</SelectionIdentifier>
              <Text>Series</Text>
            </Selection>
            <Selection>
              <SelectionIdentifier>publisher</SelectionIdentifier>
              <Text>Publisher</Text>
            </Selection>
            <Selection>
              <SelectionIdentifier>isbn</SelectionIdentifier>
              <Text>ISBN</Text>
            </Selection>
            <Selection>
              <SelectionIdentifier>year</SelectionIdentifier>
              <Text>Year</Text>
            </Selection>
          </Selections>
        </SelectionAnswer>
      </AnswerSpecification>
    </Question>
    <Question>
    <QuestionIdentifier>1</QuestionIdentifier>
    <QuestionContent>
        <FormattedContent>
          <![CDATA[
          <br></br>
          <p><font size="2"> Discovery of Semantic Relationships among Web Pages Based on Web Topic Structures. Katsumi Tanaka, Hiroyuki Kondo, Takeshi Matsukura, Yoichi Hirata DS-9 1-4020-7351-8 Kluwer IFIP Conference Proceedings Semantic Issues in E-Commerce Systems, IFIP TC2/WG2.6 Ninth <b>Working</b> <b> </b> Conference on Database Semantics, April 25-28, 2001, Hong Kong 2003</font></p>
          <br></br>]]>
        </FormattedContent>
      </QuestionContent>
      <AnswerSpecification>
        <SelectionAnswer>
          <StyleSuggestion>radiobutton</StyleSuggestion>
          <Selections>
            <Selection>
              <SelectionIdentifier>author</SelectionIdentifier>
              <Text>Author</Text>
            </Selection>
            <Selection>
              <SelectionIdentifier>title</SelectionIdentifier>
              <Text>Title</Text>
            </Selection>
            <Selection>
              <SelectionIdentifier>conference</SelectionIdentifier>
              <Text>Conference</Text>
            </Selection>
            <Selection>
              <SelectionIdentifier>proceedings</SelectionIdentifier>
              <Text>Proceedings</Text>
            </Selection>
            <Selection>
              <SelectionIdentifier>series</SelectionIdentifier>
              <Text>Series</Text>
            </Selection>
            <Selection>
              <SelectionIdentifier>publisher</SelectionIdentifier>
              <Text>Publisher</Text>
            </Selection>
            <Selection>
              <SelectionIdentifier>isbn</SelectionIdentifier>
              <Text>ISBN</Text>
            </Selection>
            <Selection>
              <SelectionIdentifier>year</SelectionIdentifier>
              <Text>Year</Text>
            </Selection>
          </Selections>
        </SelectionAnswer>
      </AnswerSpecification>
    </Question>
    <Question>
    <QuestionIdentifier>1</QuestionIdentifier>
    <QuestionContent>
        <FormattedContent>
          <![CDATA[
          <br></br>
          <p><font size="2"> Web Notary Systems for Privacy Keeping E-Commerce. Yanchun Zhang, Yahiko Kambayashi, Manen Ying, Kai Cheng DS-9 1-4020-7351-8 Kluwer IFIP Conference Proceedings Semantic Issues in E-Commerce Systems, IFIP TC2/WG2.6 Ninth <b>Working</b> <b> </b> Conference on Database Semantics, April 25-28, 2001, Hong Kong 2003</font></p>
          <br></br>]]>
        </FormattedContent>
      </QuestionContent>
      <AnswerSpecification>
        <SelectionAnswer>
          <StyleSuggestion>radiobutton</StyleSuggestion>
          <Selections>
            <Selection>
              <SelectionIdentifier>author</SelectionIdentifier>
              <Text>Author</Text>
            </Selection>
            <Selection>
              <SelectionIdentifier>title</SelectionIdentifier>
              <Text>Title</Text>
            </Selection>
            <Selection>
              <SelectionIdentifier>conference</SelectionIdentifier>
              <Text>Conference</Text>
            </Selection>
            <Selection>
              <SelectionIdentifier>proceedings</SelectionIdentifier>
              <Text>Proceedings</Text>
            </Selection>
            <Selection>
              <SelectionIdentifier>series</SelectionIdentifier>
              <Text>Series</Text>
            </Selection>
            <Selection>
              <SelectionIdentifier>publisher</SelectionIdentifier>
              <Text>Publisher</Text>
            </Selection>
            <Selection>
              <SelectionIdentifier>isbn</SelectionIdentifier>
              <Text>ISBN</Text>
            </Selection>
            <Selection>
              <SelectionIdentifier>year</SelectionIdentifier>
              <Text>Year</Text>
            </Selection>
          </Selections>
        </SelectionAnswer>
      </AnswerSpecification>
    </Question>
    <Question>
    <QuestionIdentifier>1</QuestionIdentifier>
    <QuestionContent>
        <FormattedContent>
          <![CDATA[
          <br></br>
          <p><font size="2"> Mathematical Tools for Computer-Generated Ornamental Patterns. Victor Ostromoukhov EP 3-540-64298-6 Springer Lecture Notes in Computer Science Electronic Publishing, Artistic Imaging, and <b>Digital</b> <b> </b> Typography, 7th International Conference on Electronic Publishing, EP _98, Held Jointly with the 4th International Conference on Raster Imaging and Digital Typography, RIDT _98, St. Malo, France, March 30 - April 3, 1998, Proceedings 1998</font></p>
          <br></br>]]>
        </FormattedContent>
      </QuestionContent>
      <AnswerSpecification>
        <SelectionAnswer>
          <StyleSuggestion>radiobutton</StyleSuggestion>
          <Selections>
            <Selection>
              <SelectionIdentifier>author</SelectionIdentifier>
              <Text>Author</Text>
            </Selection>
            <Selection>
              <SelectionIdentifier>title</SelectionIdentifier>
              <Text>Title</Text>
            </Selection>
            <Selection>
              <SelectionIdentifier>conference</SelectionIdentifier>
              <Text>Conference</Text>
            </Selection>
            <Selection>
              <SelectionIdentifier>proceedings</SelectionIdentifier>
              <Text>Proceedings</Text>
            </Selection>
            <Selection>
              <SelectionIdentifier>series</SelectionIdentifier>
              <Text>Series</Text>
            </Selection>
            <Selection>
              <SelectionIdentifier>publisher</SelectionIdentifier>
              <Text>Publisher</Text>
            </Selection>
            <Selection>
              <SelectionIdentifier>isbn</SelectionIdentifier>
              <Text>ISBN</Text>
            </Selection>
            <Selection>
              <SelectionIdentifier>year</SelectionIdentifier>
              <Text>Year</Text>
            </Selection>
          </Selections>
        </SelectionAnswer>
      </AnswerSpecification>
    </Question>
    <Question>
    <QuestionIdentifier>1</QuestionIdentifier>
    <QuestionContent>
        <FormattedContent>
          <![CDATA[
          <br></br>
          <p><font size="2"> Dynamic Link Inclusion in Online PDF Journals. Steve G. Probets, Wendy Hall, David F. Brailsford, Les Carr EP 3-540-64298-6 Springer Lecture Notes in Computer Science Electronic Publishing, Artistic Imaging, and <b>Digital</b> <b> </b> Typography, 7th International Conference on Electronic Publishing, EP _98, Held Jointly with the 4th International Conference on Raster Imaging and Digital Typography, RIDT _98, St. Malo, France, March 30 - April 3, 1998, Proceedings 1998</font></p>
          <br></br>]]>
        </FormattedContent>
      </QuestionContent>
      <AnswerSpecification>
        <SelectionAnswer>
          <StyleSuggestion>radiobutton</StyleSuggestion>
          <Selections>
            <Selection>
              <SelectionIdentifier>author</SelectionIdentifier>
              <Text>Author</Text>
            </Selection>
            <Selection>
              <SelectionIdentifier>title</SelectionIdentifier>
              <Text>Title</Text>
            </Selection>
            <Selection>
              <SelectionIdentifier>conference</SelectionIdentifier>
              <Text>Conference</Text>
            </Selection>
            <Selection>
              <SelectionIdentifier>proceedings</SelectionIdentifier>
              <Text>Proceedings</Text>
            </Selection>
            <Selection>
              <SelectionIdentifier>series</SelectionIdentifier>
              <Text>Series</Text>
            </Selection>
            <Selection>
              <SelectionIdentifier>publisher</SelectionIdentifier>
              <Text>Publisher</Text>
            </Selection>
            <Selection>
              <SelectionIdentifier>isbn</SelectionIdentifier>
              <Text>ISBN</Text>
            </Selection>
            <Selection>
              <SelectionIdentifier>year</SelectionIdentifier>
              <Text>Year</Text>
            </Selection>
          </Selections>
        </SelectionAnswer>
      </AnswerSpecification>
    </Question>
    <Question>
    <QuestionIdentifier>1</QuestionIdentifier>
    <QuestionContent>
        <FormattedContent>
          <![CDATA[
          <br></br>
          <p><font size="2"> Projet Hypermap: pour un environnement complet de generation automatique d_hypertexte. Alain Lelu, Habib Rhissassi EP 3-540-64298-6 Springer Lecture Notes in Computer Science Electronic Publishing, Artistic Imaging, and <b>Digital</b> <b> </b> Typography, 7th International Conference on Electronic Publishing, EP _98, Held Jointly with the 4th International Conference on Raster Imaging and Digital Typography, RIDT _98, St. Malo, France, March 30 - April 3, 1998, Proceedings 1998</font></p>
          <br></br>]]>
        </FormattedContent>
      </QuestionContent>
      <AnswerSpecification>
        <SelectionAnswer>
          <StyleSuggestion>radiobutton</StyleSuggestion>
          <Selections>
            <Selection>
              <SelectionIdentifier>author</SelectionIdentifier>
              <Text>Author</Text>
            </Selection>
            <Selection>
              <SelectionIdentifier>title</SelectionIdentifier>
              <Text>Title</Text>
            </Selection>
            <Selection>
              <SelectionIdentifier>conference</SelectionIdentifier>
              <Text>Conference</Text>
            </Selection>
            <Selection>
              <SelectionIdentifier>proceedings</SelectionIdentifier>
              <Text>Proceedings</Text>
            </Selection>
            <Selection>
              <SelectionIdentifier>series</SelectionIdentifier>
              <Text>Series</Text>
            </Selection>
            <Selection>
              <SelectionIdentifier>publisher</SelectionIdentifier>
              <Text>Publisher</Text>
            </Selection>
            <Selection>
              <SelectionIdentifier>isbn</SelectionIdentifier>
              <Text>ISBN</Text>
            </Selection>
            <Selection>
              <SelectionIdentifier>year</SelectionIdentifier>
              <Text>Year</Text>
            </Selection>
          </Selections>
        </SelectionAnswer>
      </AnswerSpecification>
    </Question>
    <Question>
    <QuestionIdentifier>1</QuestionIdentifier>
    <QuestionContent>
        <FormattedContent>
          <![CDATA[
          <br></br>
          <p><font size="2"> Synchronization in Multimedia Documents. Helen Cameron, Simon Thompson, Howard Bowman, Peter King EP 3-540-64298-6 Springer Lecture Notes in Computer Science Electronic Publishing, Artistic Imaging, and <b>Digital</b> <b> </b> Typography, 7th International Conference on Electronic Publishing, EP _98, Held Jointly with the 4th International Conference on Raster Imaging and Digital Typography, RIDT _98, St. Malo, France, March 30 - April 3, 1998, Proceedings 1998</font></p>
          <br></br>]]>
        </FormattedContent>
      </QuestionContent>
      <AnswerSpecification>
        <SelectionAnswer>
          <StyleSuggestion>radiobutton</StyleSuggestion>
          <Selections>
            <Selection>
              <SelectionIdentifier>author</SelectionIdentifier>
              <Text>Author</Text>
            </Selection>
            <Selection>
              <SelectionIdentifier>title</SelectionIdentifier>
              <Text>Title</Text>
            </Selection>
            <Selection>
              <SelectionIdentifier>conference</SelectionIdentifier>
              <Text>Conference</Text>
            </Selection>
            <Selection>
              <SelectionIdentifier>proceedings</SelectionIdentifier>
              <Text>Proceedings</Text>
            </Selection>
            <Selection>
              <SelectionIdentifier>series</SelectionIdentifier>
              <Text>Series</Text>
            </Selection>
            <Selection>
              <SelectionIdentifier>publisher</SelectionIdentifier>
              <Text>Publisher</Text>
            </Selection>
            <Selection>
              <SelectionIdentifier>isbn</SelectionIdentifier>
              <Text>ISBN</Text>
            </Selection>
            <Selection>
              <SelectionIdentifier>year</SelectionIdentifier>
              <Text>Year</Text>
            </Selection>
          </Selections>
        </SelectionAnswer>
      </AnswerSpecification>
    </Question>
    <Question>
    <QuestionIdentifier>1</QuestionIdentifier>
    <QuestionContent>
        <FormattedContent>
          <![CDATA[
          <br></br>
          <p><font size="2"> Views for Inter-organization Workflow in an E-commerce Environment. Kamalakar Karlapalem, Dickson K. W. Chiu, Qing Li DS-9 1-4020-7351-8 Kluwer IFIP Conference Proceedings Semantic Issues in E-Commerce Systems, IFIP TC2/WG2.6 Ninth <b>Working</b> <b> </b> Conference on Database Semantics, April 25-28, 2001, Hong Kong 2003</font></p>
          <br></br>]]>
        </FormattedContent>
      </QuestionContent>
      <AnswerSpecification>
        <SelectionAnswer>
          <StyleSuggestion>radiobutton</StyleSuggestion>
          <Selections>
            <Selection>
              <SelectionIdentifier>author</SelectionIdentifier>
              <Text>Author</Text>
            </Selection>
            <Selection>
              <SelectionIdentifier>title</SelectionIdentifier>
              <Text>Title</Text>
            </Selection>
            <Selection>
              <SelectionIdentifier>conference</SelectionIdentifier>
              <Text>Conference</Text>
            </Selection>
            <Selection>
              <SelectionIdentifier>proceedings</SelectionIdentifier>
              <Text>Proceedings</Text>
            </Selection>
            <Selection>
              <SelectionIdentifier>series</SelectionIdentifier>
              <Text>Series</Text>
            </Selection>
            <Selection>
              <SelectionIdentifier>publisher</SelectionIdentifier>
              <Text>Publisher</Text>
            </Selection>
            <Selection>
              <SelectionIdentifier>isbn</SelectionIdentifier>
              <Text>ISBN</Text>
            </Selection>
            <Selection>
              <SelectionIdentifier>year</SelectionIdentifier>
              <Text>Year</Text>
            </Selection>
          </Selections>
        </SelectionAnswer>
      </AnswerSpecification>
    </Question>
    <Question>
    <QuestionIdentifier>1</QuestionIdentifier>
    <QuestionContent>
        <FormattedContent>
          <![CDATA[
          <br></br>
          <p><font size="2"> An XML-based Interorganizational Knowledge Mediation Scheme to Support B2B Solution. Silvana Castano, Valeria De Antonellis, Sabrina De Capitani di Vimercati DS-9 1-4020-7351-8 Kluwer IFIP Conference Proceedings Semantic Issues in E-Commerce Systems, IFIP TC2/WG2.6 Ninth <b>Working</b> <b> </b> Conference on Database Semantics, April 25-28, 2001, Hong Kong 2003</font></p>
          <br></br>]]>
        </FormattedContent>
      </QuestionContent>
      <AnswerSpecification>
        <SelectionAnswer>
          <StyleSuggestion>radiobutton</StyleSuggestion>
          <Selections>
            <Selection>
              <SelectionIdentifier>author</SelectionIdentifier>
              <Text>Author</Text>
            </Selection>
            <Selection>
              <SelectionIdentifier>title</SelectionIdentifier>
              <Text>Title</Text>
            </Selection>
            <Selection>
              <SelectionIdentifier>conference</SelectionIdentifier>
              <Text>Conference</Text>
            </Selection>
            <Selection>
              <SelectionIdentifier>proceedings</SelectionIdentifier>
              <Text>Proceedings</Text>
            </Selection>
            <Selection>
              <SelectionIdentifier>series</SelectionIdentifier>
              <Text>Series</Text>
            </Selection>
            <Selection>
              <SelectionIdentifier>publisher</SelectionIdentifier>
              <Text>Publisher</Text>
            </Selection>
            <Selection>
              <SelectionIdentifier>isbn</SelectionIdentifier>
              <Text>ISBN</Text>
            </Selection>
            <Selection>
              <SelectionIdentifier>year</SelectionIdentifier>
              <Text>Year</Text>
            </Selection>
          </Selections>
        </SelectionAnswer>
      </AnswerSpecification>
    </Question>
  </QuestionForm>
