<?xml version="1.0" encoding="UTF-8"?>
  <QuestionForm xmlns="http://mechanicalturk.amazonaws.com/AWSMechanicalTurkDataSchemas/2005-10-01/QuestionForm.xsd
">
    <Overview>
      <Title>Bibliographic Labeling</Title>
      <Text>In referencing published academic papers, a shortened citation containing the pertinent information is normally used.  The fields that are traditionally given are:</Text>
      <List>
        <ListItem>Title - The title of the paper.</ListItem>
        <ListItem>Author - The author of the paper.</ListItem>

        <ListItem>Conference - Organization where the paper was presented.  Usually, but not always, listed as an acronym.</ListItem>
        <ListItem>Proceedings - Title of the published conference document.  Usually contains the conference acronym and date of the conference.</ListItem>
        <ListItem>Series - Higher level general topic of which the proceedings is a part.</ListItem>
		   <ListItem>Publisher - Company publishing the proceedings.</ListItem>
		   <ListItem>ISBN - String of 10 or 13 digits uniquely identifying the book the paper was published in.</ListItem>
        <ListItem>Year - Year the paper was published.</ListItem>
		 </List>
		 <Text>A tagged example is given below with different colors representing different labels for each piece of information.</Text>
      <FormattedContent>
        <![CDATA[
      <br></br>
        <p><font color="red">Generating Robust Partial Order Schedules.</font><font color="blue"> Amedeo Cesta, Angelo Oddi, Stephen F. Smith, Nicola Policella</font><font color="green"> CP </font><font color="chocolate">3-540-23241-9 </font><font color="fuchsia">Springer </font><font color="mediumpurple">Lecture Notes in Computer Science Principles and Practice of Constraint Programming </font><font color="yellowgreen">- CP 2004, 10th International Conference, CP 2004, Toronto, Canada, September 27 - October 1, 2004, Proceedings </font><font color="teal">2004</font></p>        <br></br>
        <p>Key:</p>        <p><font color="red">Title</font></p>        <p><font color="blue">Author</font></p>        <p><font color="green">Conference</font></p>        <p><font color="chocolate">ISBN</font></p>        <p><font color="fuchsia">Publisher</font></p>        <p><font color="mediumpurple">Series</font></p>        <p><font color="yellowgreen">Proceedings</font></p>        <p><font color="teal">Year</font></p>        <br></br>
        <p>Please look at the bibliographic sequences below and select the appropriate label for the <b>bolded</b> token. Note: If more than one word is bolded, select the label corresponding to the FIRST one in the sequence.</p>]]>
      </FormattedContent>
    </Overview>
    <Question>
    <QuestionIdentifier>1</QuestionIdentifier>
    <QuestionContent>
        <FormattedContent>
          <![CDATA[
          <br></br>
          <p><font size="2"> TimeCube-Efficient Storage, Access and Analysis of Temporal (Historical) Data. Narendra Mohan, Jianlin Feng, T. Ishizaka, Yoshioki Ishii ER Workshops 3-540-65690-1 Springer Lecture Notes in Computer Science Advances in Database Technologies, ER _98 Workshops on Data Warehousing and Data Mining, Mobile Data Access, and Collaborative Work Support and Spatio-<b>Temporal</b> <b> </b> Data Management, Singapore, November 19-20, 1998, Proceedings 1999</font></p>
          <br></br>]]>
        </FormattedContent>
      </QuestionContent>
      <AnswerSpecification>
        <SelectionAnswer>
          <StyleSuggestion>radiobutton</StyleSuggestion>
          <Selections>
            <Selection>
              <SelectionIdentifier>author</SelectionIdentifier>
              <Text>Author</Text>
            </Selection>
            <Selection>
              <SelectionIdentifier>title</SelectionIdentifier>
              <Text>Title</Text>
            </Selection>
            <Selection>
              <SelectionIdentifier>conference</SelectionIdentifier>
              <Text>Conference</Text>
            </Selection>
            <Selection>
              <SelectionIdentifier>proceedings</SelectionIdentifier>
              <Text>Proceedings</Text>
            </Selection>
            <Selection>
              <SelectionIdentifier>series</SelectionIdentifier>
              <Text>Series</Text>
            </Selection>
            <Selection>
              <SelectionIdentifier>publisher</SelectionIdentifier>
              <Text>Publisher</Text>
            </Selection>
            <Selection>
              <SelectionIdentifier>isbn</SelectionIdentifier>
              <Text>ISBN</Text>
            </Selection>
            <Selection>
              <SelectionIdentifier>year</SelectionIdentifier>
              <Text>Year</Text>
            </Selection>
          </Selections>
        </SelectionAnswer>
      </AnswerSpecification>
    </Question>
    <Question>
    <QuestionIdentifier>1</QuestionIdentifier>
    <QuestionContent>
        <FormattedContent>
          <![CDATA[
          <br></br>
          <p><font size="2"> COSIS: A Content-Oriented Shoeprint Identification System. Stefano Spaccapietra, Mohamed Tahar Meharga, Corinne Plazanet <b>DS</b> <b>-</b> 8 0-7923-8405-9 Kluwer IFIP Conference Proceedings Database Semantics - Semantic Issues in Multimedia Systems, IFIP TC2/WG2.6 Eighth Working Conference on Database Semantics (DS-8), Rotorua, New Zealand, January 4-8, 1999 1998</font></p>
          <br></br>]]>
        </FormattedContent>
      </QuestionContent>
      <AnswerSpecification>
        <SelectionAnswer>
          <StyleSuggestion>radiobutton</StyleSuggestion>
          <Selections>
            <Selection>
              <SelectionIdentifier>author</SelectionIdentifier>
              <Text>Author</Text>
            </Selection>
            <Selection>
              <SelectionIdentifier>title</SelectionIdentifier>
              <Text>Title</Text>
            </Selection>
            <Selection>
              <SelectionIdentifier>conference</SelectionIdentifier>
              <Text>Conference</Text>
            </Selection>
            <Selection>
              <SelectionIdentifier>proceedings</SelectionIdentifier>
              <Text>Proceedings</Text>
            </Selection>
            <Selection>
              <SelectionIdentifier>series</SelectionIdentifier>
              <Text>Series</Text>
            </Selection>
            <Selection>
              <SelectionIdentifier>publisher</SelectionIdentifier>
              <Text>Publisher</Text>
            </Selection>
            <Selection>
              <SelectionIdentifier>isbn</SelectionIdentifier>
              <Text>ISBN</Text>
            </Selection>
            <Selection>
              <SelectionIdentifier>year</SelectionIdentifier>
              <Text>Year</Text>
            </Selection>
          </Selections>
        </SelectionAnswer>
      </AnswerSpecification>
    </Question>
    <Question>
    <QuestionIdentifier>1</QuestionIdentifier>
    <QuestionContent>
        <FormattedContent>
          <![CDATA[
          <br></br>
          <p><font size="2"> Flexible Design and Efficient Implementation of a Hypermedia Document Database System by Tailoring Semantic Relationships. Karl Aberer, Jurgen Wasch <b>DS</b> <b>-</b> 6 0-412-72600-9 Chapman a Hall IFIP Conference Proceedings Database Applications Semantics, Proceedings of the Sixth IFIP TC-2 Working Conference on Data Semantics (DS-6), Stone Mountain, Atlanta, Georgia, USA, May 30 - June 2, 1995 1996</font></p>
          <br></br>]]>
        </FormattedContent>
      </QuestionContent>
      <AnswerSpecification>
        <SelectionAnswer>
          <StyleSuggestion>radiobutton</StyleSuggestion>
          <Selections>
            <Selection>
              <SelectionIdentifier>author</SelectionIdentifier>
              <Text>Author</Text>
            </Selection>
            <Selection>
              <SelectionIdentifier>title</SelectionIdentifier>
              <Text>Title</Text>
            </Selection>
            <Selection>
              <SelectionIdentifier>conference</SelectionIdentifier>
              <Text>Conference</Text>
            </Selection>
            <Selection>
              <SelectionIdentifier>proceedings</SelectionIdentifier>
              <Text>Proceedings</Text>
            </Selection>
            <Selection>
              <SelectionIdentifier>series</SelectionIdentifier>
              <Text>Series</Text>
            </Selection>
            <Selection>
              <SelectionIdentifier>publisher</SelectionIdentifier>
              <Text>Publisher</Text>
            </Selection>
            <Selection>
              <SelectionIdentifier>isbn</SelectionIdentifier>
              <Text>ISBN</Text>
            </Selection>
            <Selection>
              <SelectionIdentifier>year</SelectionIdentifier>
              <Text>Year</Text>
            </Selection>
          </Selections>
        </SelectionAnswer>
      </AnswerSpecification>
    </Question>
    <Question>
    <QuestionIdentifier>1</QuestionIdentifier>
    <QuestionContent>
        <FormattedContent>
          <![CDATA[
          <br></br>
          <p><font size="2"> Extending a Multidatabase Manipulation Language to Resolve Schema and Data Conflicts. Paolo Missier, Marek <b>Rusinkiewicz</b> <b> </b> DS-6 0-412-72600-9 Chapman a Hall IFIP Conference Proceedings Database Applications Semantics, Proceedings of the Sixth IFIP TC-2 Working Conference on Data Semantics (DS-6), Stone Mountain, Atlanta, Georgia, USA, May 30 - June 2, 1995 1996</font></p>
          <br></br>]]>
        </FormattedContent>
      </QuestionContent>
      <AnswerSpecification>
        <SelectionAnswer>
          <StyleSuggestion>radiobutton</StyleSuggestion>
          <Selections>
            <Selection>
              <SelectionIdentifier>author</SelectionIdentifier>
              <Text>Author</Text>
            </Selection>
            <Selection>
              <SelectionIdentifier>title</SelectionIdentifier>
              <Text>Title</Text>
            </Selection>
            <Selection>
              <SelectionIdentifier>conference</SelectionIdentifier>
              <Text>Conference</Text>
            </Selection>
            <Selection>
              <SelectionIdentifier>proceedings</SelectionIdentifier>
              <Text>Proceedings</Text>
            </Selection>
            <Selection>
              <SelectionIdentifier>series</SelectionIdentifier>
              <Text>Series</Text>
            </Selection>
            <Selection>
              <SelectionIdentifier>publisher</SelectionIdentifier>
              <Text>Publisher</Text>
            </Selection>
            <Selection>
              <SelectionIdentifier>isbn</SelectionIdentifier>
              <Text>ISBN</Text>
            </Selection>
            <Selection>
              <SelectionIdentifier>year</SelectionIdentifier>
              <Text>Year</Text>
            </Selection>
          </Selections>
        </SelectionAnswer>
      </AnswerSpecification>
    </Question>
    <Question>
    <QuestionIdentifier>1</QuestionIdentifier>
    <QuestionContent>
        <FormattedContent>
          <![CDATA[
          <br></br>
          <p><font size="2"> Description, Conversion, and Planning For Semantic Interoperability. Edward Sciore, Arnon Rosenthal <b>DS</b> <b>-</b> 6 0-412-72600-9 Chapman a Hall IFIP Conference Proceedings Database Applications Semantics, Proceedings of the Sixth IFIP TC-2 Working Conference on Data Semantics (DS-6), Stone Mountain, Atlanta, Georgia, USA, May 30 - June 2, 1995 1996</font></p>
          <br></br>]]>
        </FormattedContent>
      </QuestionContent>
      <AnswerSpecification>
        <SelectionAnswer>
          <StyleSuggestion>radiobutton</StyleSuggestion>
          <Selections>
            <Selection>
              <SelectionIdentifier>author</SelectionIdentifier>
              <Text>Author</Text>
            </Selection>
            <Selection>
              <SelectionIdentifier>title</SelectionIdentifier>
              <Text>Title</Text>
            </Selection>
            <Selection>
              <SelectionIdentifier>conference</SelectionIdentifier>
              <Text>Conference</Text>
            </Selection>
            <Selection>
              <SelectionIdentifier>proceedings</SelectionIdentifier>
              <Text>Proceedings</Text>
            </Selection>
            <Selection>
              <SelectionIdentifier>series</SelectionIdentifier>
              <Text>Series</Text>
            </Selection>
            <Selection>
              <SelectionIdentifier>publisher</SelectionIdentifier>
              <Text>Publisher</Text>
            </Selection>
            <Selection>
              <SelectionIdentifier>isbn</SelectionIdentifier>
              <Text>ISBN</Text>
            </Selection>
            <Selection>
              <SelectionIdentifier>year</SelectionIdentifier>
              <Text>Year</Text>
            </Selection>
          </Selections>
        </SelectionAnswer>
      </AnswerSpecification>
    </Question>
    <Question>
    <QuestionIdentifier>1</QuestionIdentifier>
    <QuestionContent>
        <FormattedContent>
          <![CDATA[
          <br></br>
          <p><font size="2"> The Role of Contract and Component Semantics in Dynamic E-Contract Enactment Configuration. Yigal Hoffner, Heiko Ludwig DS-9 1-4020-7351-8 Kluwer IFIP Conference Proceedings Semantic Issues in E-Commerce Systems, IFIP TC2/WG2.6 Ninth <b>Working</b> <b> </b> Conference on Database Semantics, April 25-28, 2001, Hong Kong 2003</font></p>
          <br></br>]]>
        </FormattedContent>
      </QuestionContent>
      <AnswerSpecification>
        <SelectionAnswer>
          <StyleSuggestion>radiobutton</StyleSuggestion>
          <Selections>
            <Selection>
              <SelectionIdentifier>author</SelectionIdentifier>
              <Text>Author</Text>
            </Selection>
            <Selection>
              <SelectionIdentifier>title</SelectionIdentifier>
              <Text>Title</Text>
            </Selection>
            <Selection>
              <SelectionIdentifier>conference</SelectionIdentifier>
              <Text>Conference</Text>
            </Selection>
            <Selection>
              <SelectionIdentifier>proceedings</SelectionIdentifier>
              <Text>Proceedings</Text>
            </Selection>
            <Selection>
              <SelectionIdentifier>series</SelectionIdentifier>
              <Text>Series</Text>
            </Selection>
            <Selection>
              <SelectionIdentifier>publisher</SelectionIdentifier>
              <Text>Publisher</Text>
            </Selection>
            <Selection>
              <SelectionIdentifier>isbn</SelectionIdentifier>
              <Text>ISBN</Text>
            </Selection>
            <Selection>
              <SelectionIdentifier>year</SelectionIdentifier>
              <Text>Year</Text>
            </Selection>
          </Selections>
        </SelectionAnswer>
      </AnswerSpecification>
    </Question>
    <Question>
    <QuestionIdentifier>1</QuestionIdentifier>
    <QuestionContent>
        <FormattedContent>
          <![CDATA[
          <br></br>
          <p><font size="2"> Schema Translation between Heterogeneous Data Models in a Lattice Framework. Paolo Atzeni, Riccardo <b>Torlone</b> <b> </b> DS-6 0-412-72600-9 Chapman a Hall IFIP Conference Proceedings Database Applications Semantics, Proceedings of the Sixth IFIP TC-2 Working Conference on Data Semantics (DS-6), Stone Mountain, Atlanta, Georgia, USA, May 30 - June 2, 1995 1996</font></p>
          <br></br>]]>
        </FormattedContent>
      </QuestionContent>
      <AnswerSpecification>
        <SelectionAnswer>
          <StyleSuggestion>radiobutton</StyleSuggestion>
          <Selections>
            <Selection>
              <SelectionIdentifier>author</SelectionIdentifier>
              <Text>Author</Text>
            </Selection>
            <Selection>
              <SelectionIdentifier>title</SelectionIdentifier>
              <Text>Title</Text>
            </Selection>
            <Selection>
              <SelectionIdentifier>conference</SelectionIdentifier>
              <Text>Conference</Text>
            </Selection>
            <Selection>
              <SelectionIdentifier>proceedings</SelectionIdentifier>
              <Text>Proceedings</Text>
            </Selection>
            <Selection>
              <SelectionIdentifier>series</SelectionIdentifier>
              <Text>Series</Text>
            </Selection>
            <Selection>
              <SelectionIdentifier>publisher</SelectionIdentifier>
              <Text>Publisher</Text>
            </Selection>
            <Selection>
              <SelectionIdentifier>isbn</SelectionIdentifier>
              <Text>ISBN</Text>
            </Selection>
            <Selection>
              <SelectionIdentifier>year</SelectionIdentifier>
              <Text>Year</Text>
            </Selection>
          </Selections>
        </SelectionAnswer>
      </AnswerSpecification>
    </Question>
    <Question>
    <QuestionIdentifier>1</QuestionIdentifier>
    <QuestionContent>
        <FormattedContent>
          <![CDATA[
          <br></br>
          <p><font size="2"> Image Mosaics. Adam Finkelstein, Marisa Range EP 3-540-64298-6 Springer Lecture Notes in Computer Science Electronic Publishing, Artistic Imaging, and <b>Digital</b> <b> </b> Typography, 7th International Conference on Electronic Publishing, EP _98, Held Jointly with the 4th International Conference on Raster Imaging and Digital Typography, RIDT _98, St. Malo, France, March 30 - April 3, 1998, Proceedings 1998</font></p>
          <br></br>]]>
        </FormattedContent>
      </QuestionContent>
      <AnswerSpecification>
        <SelectionAnswer>
          <StyleSuggestion>radiobutton</StyleSuggestion>
          <Selections>
            <Selection>
              <SelectionIdentifier>author</SelectionIdentifier>
              <Text>Author</Text>
            </Selection>
            <Selection>
              <SelectionIdentifier>title</SelectionIdentifier>
              <Text>Title</Text>
            </Selection>
            <Selection>
              <SelectionIdentifier>conference</SelectionIdentifier>
              <Text>Conference</Text>
            </Selection>
            <Selection>
              <SelectionIdentifier>proceedings</SelectionIdentifier>
              <Text>Proceedings</Text>
            </Selection>
            <Selection>
              <SelectionIdentifier>series</SelectionIdentifier>
              <Text>Series</Text>
            </Selection>
            <Selection>
              <SelectionIdentifier>publisher</SelectionIdentifier>
              <Text>Publisher</Text>
            </Selection>
            <Selection>
              <SelectionIdentifier>isbn</SelectionIdentifier>
              <Text>ISBN</Text>
            </Selection>
            <Selection>
              <SelectionIdentifier>year</SelectionIdentifier>
              <Text>Year</Text>
            </Selection>
          </Selections>
        </SelectionAnswer>
      </AnswerSpecification>
    </Question>
    <Question>
    <QuestionIdentifier>1</QuestionIdentifier>
    <QuestionContent>
        <FormattedContent>
          <![CDATA[
          <br></br>
          <p><font size="2"> The Formulation of Parameters for Type Design of Indian Script Based on Calligraphic Studies. S. K. Mohanty EP 3-540-64298-6 Springer Lecture Notes in Computer Science Electronic Publishing, Artistic Imaging, and <b>Digital</b> <b> </b> Typography, 7th International Conference on Electronic Publishing, EP _98, Held Jointly with the 4th International Conference on Raster Imaging and Digital Typography, RIDT _98, St. Malo, France, March 30 - April 3, 1998, Proceedings 1998</font></p>
          <br></br>]]>
        </FormattedContent>
      </QuestionContent>
      <AnswerSpecification>
        <SelectionAnswer>
          <StyleSuggestion>radiobutton</StyleSuggestion>
          <Selections>
            <Selection>
              <SelectionIdentifier>author</SelectionIdentifier>
              <Text>Author</Text>
            </Selection>
            <Selection>
              <SelectionIdentifier>title</SelectionIdentifier>
              <Text>Title</Text>
            </Selection>
            <Selection>
              <SelectionIdentifier>conference</SelectionIdentifier>
              <Text>Conference</Text>
            </Selection>
            <Selection>
              <SelectionIdentifier>proceedings</SelectionIdentifier>
              <Text>Proceedings</Text>
            </Selection>
            <Selection>
              <SelectionIdentifier>series</SelectionIdentifier>
              <Text>Series</Text>
            </Selection>
            <Selection>
              <SelectionIdentifier>publisher</SelectionIdentifier>
              <Text>Publisher</Text>
            </Selection>
            <Selection>
              <SelectionIdentifier>isbn</SelectionIdentifier>
              <Text>ISBN</Text>
            </Selection>
            <Selection>
              <SelectionIdentifier>year</SelectionIdentifier>
              <Text>Year</Text>
            </Selection>
          </Selections>
        </SelectionAnswer>
      </AnswerSpecification>
    </Question>
    <Question>
    <QuestionIdentifier>1</QuestionIdentifier>
    <QuestionContent>
        <FormattedContent>
          <![CDATA[
          <br></br>
          <p><font size="2"> Theodor Hildebrand Design and programming of interfaces for monetic applications using Petri nets. <b>European</b> <b> </b> Workshop on Applications and Theory in Petri Nets 3-540-15204-0 Springer Lecture Notes in Computer Science Advances in Petri Nets 1984, European Workshop on Applications and Theory in Petri Nets, covers the last two years which include the workshop 1983 in Toulouse and the workshop 1984 in Aarhus, selected papers 1985</font></p>
          <br></br>]]>
        </FormattedContent>
      </QuestionContent>
      <AnswerSpecification>
        <SelectionAnswer>
          <StyleSuggestion>radiobutton</StyleSuggestion>
          <Selections>
            <Selection>
              <SelectionIdentifier>author</SelectionIdentifier>
              <Text>Author</Text>
            </Selection>
            <Selection>
              <SelectionIdentifier>title</SelectionIdentifier>
              <Text>Title</Text>
            </Selection>
            <Selection>
              <SelectionIdentifier>conference</SelectionIdentifier>
              <Text>Conference</Text>
            </Selection>
            <Selection>
              <SelectionIdentifier>proceedings</SelectionIdentifier>
              <Text>Proceedings</Text>
            </Selection>
            <Selection>
              <SelectionIdentifier>series</SelectionIdentifier>
              <Text>Series</Text>
            </Selection>
            <Selection>
              <SelectionIdentifier>publisher</SelectionIdentifier>
              <Text>Publisher</Text>
            </Selection>
            <Selection>
              <SelectionIdentifier>isbn</SelectionIdentifier>
              <Text>ISBN</Text>
            </Selection>
            <Selection>
              <SelectionIdentifier>year</SelectionIdentifier>
              <Text>Year</Text>
            </Selection>
          </Selections>
        </SelectionAnswer>
      </AnswerSpecification>
    </Question>
  </QuestionForm>
